station_id,station_name,district,rack_count
102, 망원역 1번출구 앞,마포구,15.0
103, 망원역 2번출구 앞,마포구,14.0
104, 합정역 1번출구 앞,마포구,13.0
105, 합정역 5번출구 앞,마포구,5.0
106, 합정역 7번출구 앞,마포구,12.0
107, 신한은행 서교동지점,마포구,5.0
108, 서교동 사거리,마포구,10.0
111, 상수역 2번출구 앞,마포구,10.0
113, 홍대입구역 2번출구 앞,마포구,25.0
114, 홍대입구역 8번출구 앞,마포구,15.0
115, 마스타 빌딩 앞,서대문구,15.0
117, 홍은사거리,서대문구,23.0
118, 광흥창역 2번출구 앞,마포구,9.0
119, 서강나루 공원,마포구,10.0
120, 신수동 사거리,마포구,5.0
121, 마포소방서 앞,마포구,15.0
122, 신성기사식당 앞,마포구,10.0
123, 문화촌 공원,서대문구,20.0
124, 서강대 정문 건너편,마포구,35.0
126, 서강대 후문 옆,마포구,20.0
128, 신촌역(2호선) 1번출구 옆,서대문구,20.0
129, 신촌역(2호선) 6번출구 옆,마포구,10.0
130, 신촌역(2호선) 7번출구 앞,마포구,10.0
131, 증산2교,서대문구,20.0
133, 해담는다리,서대문구,15.0
134, 연세로 명물길,서대문구,8.0
135, 명물길 원형무대 앞,서대문구,10.0
137, 신촌기차역입구 교차로,서대문구,10.0
138, 신촌동 제1공영주차장 앞,서대문구,10.0
139, 연세대 정문 건너편,서대문구,10.0
140, 이화여대 후문,서대문구,22.0
141, 연대 대운동장 옆,서대문구,10.0
142, 아현역 4번출구 앞,마포구,
143, 공덕역 2번출구,마포구,
145, 공덕역 5번출구,마포구,
146, 마포역 2번출구 뒤,마포구,
147, 마포역 4번출구 뒤,마포구,7.0
148, 용강동 주민센터 앞,마포구,11.0
150, 서강대역 2번출구 앞,마포구,15.0
153, 성산2교 사거리,마포구,
154, 마포구청역,마포구,
155, 가좌역1 번출구 앞,마포구,15.0
156, 서울서부지방법원 앞,마포구,10.0
157, 애오개역 4번출구 앞,마포구,
159, 이대역 4번 출구,서대문구,5.0
160,북아현동 가구거리,서대문구,13.0
161, 무악재역1번 출구,서대문구,
162, 봉원고가차도 밑,서대문구,
163, 명지전문대학교 정문 앞,서대문구,6.0
164, 북가좌1동 주민센터,서대문구,10.0
165, 중앙근린공원,서대문구,
166, 가재울 초등학교,서대문구,
167, 연가초등학교 옆,서대문구,15.0
169, 북가좌 삼거리,서대문구,10.0
170, DMC파크뷰자이아파트 302동 앞,서대문구,
171, 임광빌딩 앞,서대문구,10.0
173, 서대문역 8번출구 앞,서대문구,
175, 홍연2교옆,서대문구,
176, 명지대학교 도서관,서대문구,
177, 북가좌 초등학교,서대문구,
178, 증산3교 앞,서대문구,
179, 가좌역 4번출구 앞,서대문구,14.0
180, 충정로역 7번출구 아래,서대문구,
181, 망원초록길 입구,마포구,
182, 망원2빗물펌프장 앞,마포구,9.0
183, 하늘채코오롱아파트 건너편,마포구,
184, 7번가피자 서교망원점,마포구,9.0
185, 마포 신수공원 앞,마포구,15.0
186, 월드컵공원,마포구,40.0
188, 홍은동 정원여중 입구,서대문구,9.0
191, 서우빌딩,서대문구,
192, 연서어린이공원,서대문구,10.0
194, 증산교 앞,서대문구,10.0
195, 모래내고가차도,서대문구,
196, 연희교차로 인근,서대문구,10.0
198, 충정2교,서대문구,15.0
199, 서울 월드컵 경기장,마포구,30.0
200, 국회의원회관,영등포구,18.0
201, 진미파라곤 앞,영등포구,15.0
202, 국민일보 앞,영등포구,30.0
203, 국회의사당역 3번출구 옆,영등포구,15.0
204, 국회의사당역 5번출구 옆,영등포구,13.0
205, 산업은행 앞,영등포구,20.0
206, KBS 앞,영등포구,35.0
207, 여의나루역 1번출구 앞,영등포구,46.0
209, 유진투자증권빌딩 앞,영등포구,12.0
211, 여의도역 4번출구 옆,영등포구,
212, 여의도역 1번출구 옆,영등포구,
213, KT앞,영등포구,19.0
214, 금융감독원 앞,영등포구,21.0
215, 여의도고교 앞,영등포구,10.0
217, NH농협은행 앞,영등포구,15.0
219, 롯데캐슬엠파이어 옆,영등포구,12.0
220, 미성아파트 A동 앞,영등포구,30.0
221, 여의도초교 앞,영등포구,10.0
222, 시범아파트버스정류장 옆,영등포구,12.0
223, 진주아파트상가 앞,영등포구,20.0
224, 롯데캐슬 앞,영등포구,20.0
225, 앙카라공원 앞,영등포구,26.0
226, 샛강역 1번출구 앞,영등포구,19.0
227, 양평2나들목 보행통로 입구,영등포구,20.0
228, 선유도역 3번출구 앞,영등포구,10.0
229, 양평1 보행육교 앞,영등포구,
230, 영등포구청역 1번출구,영등포구,13.0
231, 남부고용노동지청 남측,영등포구,
232, 양평우림 이비즈센타 앞,영등포구,
233, 양평1동 YP센터 앞,영등포구,
236, 문래동자이아파트 앞,영등포구,
237, 보라매 두산위브 건너편,동작구,20.0
238, 제2구민체육센타 앞,영등포구,
239, 유스호스텔 앞,영등포구,
240, 문래역 4번출구 앞,영등포구,
241, 신길우성1차아파트 앞 공원,영등포구,10.0
242, 신길선원가와인아파트 앞,영등포구,
243, 이앤씨드림타워 앞,영등포구,
244, 영등포삼환아파트 앞,영등포구,
245, 삼성생명 당산사옥 앞,영등포구,
247, 당산역 10번출구 앞,영등포구,14.0
248, 초원아파트 앞,영등포구,
249, 여의도중학교 옆,영등포구,16.0
250, 대림아파트 사거리,영등포구,
251, 서울지방병무청 버스정류장,영등포구,10.0
252, 보라매역4번출구,영등포구,10.0
253, 신풍역 5번출구 인근,영등포구,
254, 도림신협 앞,영등포구,
255, 도림사거리,영등포구,
256, 동아에코빌입구,영등포구,
258, 신길역3번출구,영등포구,14.0
259, 대방역6번출구,영등포구,17.0
260, 여의도 마리나선착장 앞,영등포구,
263, 근로자회관 사거리,영등포구,12.0
264, 교보생명보험 앞,영등포구,15.0
265, 영등포유통상가 사거리,영등포구,11.0
266, 영등포청과시장 사거리,영등포구,10.0
267, 삼성화재 사옥 옆,영등포구,10.0
268, 그랜드컨벤션센터 앞,영등포구,
270, 증권거래소후문교차로,영등포구,10.0
271, 샛강생태공원방문자센터 앞,영등포구,
272, 당산육갑문,영등포구,
275, 신동아아파트,영등포구,
276, 영등포로터리2,영등포구,
278, 쌍용플레티넘오피스텔,영등포구,10.0
279,영등포 푸르지오 아파트 B,영등포구,15.0
280, 양평동6차현대아파트 앞,영등포구,
281,대림신동아아파트 앞,영등포구,
282, 신한은행 대림동지점,영등포구,
283, 아크로타워 스퀘어(영등포시장),영등포구,
284, 센트럴 푸르지오 시티 앞,영등포구,
285,콤텍시스템 앞,영등포구,
286, 우성아파트 교차로,영등포구,
287, 영등포전화국사거리 (서강어린이공원),영등포구,
288, 쌍용예가(구청별관),영등포구,
289, 대림3동사거리,영등포구,
290,새말소공원,영등포구,
291, 문래동 하이테크 시티,영등포구,
292, 영일 어린이공원,영등포구,
293, 충북 미래관,영등포구,
295,영등포공원 분수대 앞,영등포구,10.0
296,KT플라자 영등포점,영등포구,20.0
297,국회3문,영등포구,10.0
298,KBS 연구동 건너편,영등포구,25.0
299,여의도 순복음교회,영등포구,10.0
300, 정동사거리,중구,6.0
301, 경복궁역 7번출구 앞,종로구,20.0
302, 경복궁역 4번출구 뒤,종로구,12.0
303, 광화문역 1번출구 앞,종로구,8.0
305, 종로구청 옆,종로구,16.0
307, 서울역사박물관 앞,종로구,11.0
308, 광화문 S타워 앞,종로구,31.0
309, 광화문역 6번출구 옆 B,종로구,13.0
310, 청계광장 옆,중구,8.0
314, 국립현대미술관,종로구,10.0
316, 종각역 1번출구 앞,종로구,8.0
318, 광교사거리 남측,중구,10.0
320, 을지로입구역 4번출구 앞,중구,17.0
321, KEB 하나금융그룹 명동사옥 옆,중구,15.0
322, 명동성당 앞,중구,10.0
324, 신세계백화점 본점 앞,중구,8.0
326, 안국역 5번출구 앞,종로구,15.0
327, 낙원상가 옆,종로구,10.0
328, 탑골공원 앞,종로구,11.0
329, 청계2가 사거리 옆,종로구,8.0
331, 을지로2가 사거리 북측,중구,10.0
332, 을지로2가 사거리 남측,중구,5.0
334, 종로3가역 2번출구 뒤,종로구,10.0
335, 종로3가역 15번출구 앞,종로구,10.0
336, 충무로역 6번출구 앞,중구,8.0
337, 창경궁 입구,종로구,5.0
338,세운스퀘어 앞,종로구,18.0
339, 종로4가 사거리,종로구,10.0
340, 혜화동 로터리,종로구,8.0
341, 혜화역 3번출구 뒤,종로구,8.0
342, 대학로 마로니에공원,종로구,22.0
343,힐스테이트창경궁 아파트 앞,종로구,6.0
344, 성균관대 E하우스 앞,종로구,10.0
345, 서울보증보험본사 앞,종로구,18.0
346, 맥스타일 앞,중구,10.0
347, 동대문역사문화공원역 9번출구 앞,중구,18.0
348, 독립문역 사거리,종로구,
349,어린이도서관,종로구,
351, 청운초교 앞 삼거리,종로구,
352, 중앙고입구 삼거리,종로구,
353, 재동초교 앞 삼거리,종로구,
354, 포르투갈 대사관 앞,종로구,10.0
355,서울사대부설초등학교 앞,종로구,15.0
356, KT혜화지사 앞,종로구,15.0
358,성균관대입구 사거리 A,종로구,13.0
359, 원남동사거리,종로구,
361, 동묘앞역 1번출구 뒤,종로구,
362, 청계8가 사거리 A,종로구,
363, 신설동역 11번출구 뒤,종로구,
364, 창신역 1번출구 앞,종로구,8.0
367, 독립문역 3-1번출구,종로구,13.0
368, SK 서린빌딩 앞,종로구,15.0
370, 시청역(2호선) 9번출구 뒤,중구,24.0
371, 동대입구역 6번출구 뒤,중구,10.0
372, 약수역 3번출구 뒤,중구,
374, 청구역 2번출구 앞,중구,
379, 서울역9번출구,중구,
380, CJ제일제당 앞,중구,
381, 장충체육관,중구,
382, 약수역 10번출구 앞,중구,
383, 신당역 12번 출구 뒤,중구,
384, 종로학원본원,중구,
385, 종각역 5번출구,종로구,
387, 훈련원공원주차장 앞,중구,
388, 동성중학교 앞,종로구,
389, 을지로4가역 1번출구,중구,
390, 충무로역 1번출구,중구,
391, 시립미술관,중구,8.0
393, 동대문역 8번 출구,종로구,
394, 경희궁 자이 3단지,종로구,15.0
397, 종묘공영주차장 건너편,종로구,
398, 을지로3가역 3번출구,중구,
399, 서울역 센트럴 자이아파트,중구,
400, 상암한화오벨리스크 1차 앞,마포구,14.0
401, 상암월드컵파크 10단지 앞,마포구,13.0
402, 상암월드컵파크 9단지 앞,마포구,20.0
403, 부엉이공원 앞,마포구,20.0
405, DMC빌 앞,마포구,8.0
406, 상암월드컵파크 7단지 앞,마포구,15.0
407, 마포구 육아종합지원센터,마포구,8.0
408, LG CNS앞,마포구,14.0
409, 누리꿈스퀘어 옆,마포구,30.0
410, 상암중학교 옆,마포구,10.0
411, DMC홍보관,마포구,10.0
412, DMC산학협력연구센터 앞,마포구,21.0
413, 상암월드컵파크 3단지 후문,마포구,10.0
414, 상암동주민센터 옆,마포구,8.0
415, DMC역 9번출구 앞,마포구,10.0
416, 상암월드컵파크 1단지 교차로,마포구,12.0
417, DMC역 2번출구 옆,마포구,20.0
418, 월드컵경기장역 3번출구 옆,마포구,20.0
419,홈플러스 마포점 앞,마포구,21.0
420, 서울시 공공자전거 상암센터,마포구,37.0
421, 마포구청 앞,마포구,8.0
422, 문화비축기지,마포구,9.0
424, 롯데하이마트 (상암월드컵점),마포구,
425, DMC첨단산업센터,마포구,
426, 서울신용보증재단,마포구,
427, 성산시영아파트,마포구,
428, 명보사거리,중구,
429, 송도병원,중구,
430, 장충동먹자골목 앞,중구,
431, 청계천 영도교,중구,25.0
432, 마포중앙도서관,마포구,
433, 을지로입구역 2번출구,중구,
434, 신당 래미안 버스정류장,중구,
435, SK 남산빌딩,중구,
436, 이대역 5번출구,마포구,
437, 대흥역1번출구,마포구,
438, 성산2-1 공영주차장,마포구,
440, 하늘공원 입구,마포구,
441,염천교사거리,중구,15.0
442,서울역 서부,중구,13.0
443,호암아트홀,중구,9.0
445,대한상공회의소,중구,15.0
446, 상명대입구,종로구,
447, 신영동삼거리,종로구,6.0
449, 일성아파트,종로구,
450, 효자동 삼거리,종로구,51.0
451, 청와대앞길,종로구,
452, 동대문 종합시장 버스정류장,종로구,13.0
453, 종로오가 지하쇼핑센터 14번출구,종로구,
454, 종로2가 버스정류장 (종각방향),종로구,13.0
455, 종로6가역 버스정류장(동대문 방향),종로구,
456, 숭인2동 주민센터 입구,종로구,
457, 종로꽃시장 입구 옆,종로구,
458, 광화문역 5번출구,종로구,
461, 서울지방경찰청,종로구,
464, 삼청동 골목,종로구,10.0
465, 삼청공원 앞,종로구,
466,롯데호텔,중구,13.0
467,한국은행,중구,11.0
468,웨스틴 조선호텔,중구,8.0
469,회현역 1번출구,중구,11.0
470,회현역 7번출구,중구,13.0
471,회현사거리 남측,중구,10.0
472,삼일교(시그니쳐 타워),중구,12.0
473,을지로4가역 9번출구,중구,20.0
474,동대문역사문화공원역 1번출구 뒤편,중구,40.0
475,DDP 패션몰,중구,21.0
476,광희문,중구,10.0
477,앰배서더 호텔 주변,중구,10.0
479,동대입구역 3번 출구,중구,8.0
480,약수역 6번 출구,중구,8.0
483,남산타운아파트 버스정류장,중구,12.0
485,서울역5번출구,중구,10.0
486, 평창동주민센터 앞,종로구,
488,푸르메병원,마포구,10.0
489,구룡근린공원,마포구,10.0
490,가온문화공원,마포구,23.0
491,월드컵파크 4단지,마포구,10.0
493,홍대입구역 6번출구,마포구,7.0
494,신수동주민센터,마포구,5.0
495,염리초등학교 앞,마포구,10.0
497,합정동주민센터 앞,마포구,25.0
498,연남동주민센터 앞,마포구,10.0
500, 어린이대공원역 3번출구 앞,광진구,7.0
501, 광진구의회 앞,광진구,30.0
502, 뚝섬유원지역 1번출구 앞,광진구,33.0
505, 자양사거리 광진아크로텔 앞,광진구,12.0
506, 금호 어울림 아파트 앞,성동구,
508, 성수아카데미타워 앞,성동구,10.0
510,뚝도아리수정수센터 버스정류소 옆,성동구,15.0
511, 서울숲역 5번 출구 옆,성동구,16.0
512, 뚝섬역 1번 출구 옆,성동구,15.0
513, 뚝섬역 5번 출구 정류소 옆,성동구,13.0
514, 성수사거리 버스정류장 앞,성동구,12.0
515, 광양중학교 앞,광진구,15.0
516, 광진메디칼 앞,광진구,10.0
518, 청계천 박물관 앞,성동구,20.0
519, 양지사거리,성동구,20.0
520, 상왕십리역 4번 출구 앞,성동구,7.0
521, 왕십리역 11번 출구 앞,성동구,14.0
522, 금호역 1번출구 앞,성동구,9.0
523, 옥수동성당 옆,성동구,7.0
524, 래미안금호하이리버 아파트 102동 옆,성동구,10.0
525, 한양대병원사거리,성동구,20.0
526, 용답토속공원 앞,성동구,10.0
529, 장한평역 8번 출구 앞,성동구,8.0
530, 청계벽산아파트 앞,성동구,
533, 금남시장 교차로,성동구,
534, 금호사거리,성동구,10.0
535, 응봉삼거리,성동구,11.0
536, 행당역 2번출구 앞,성동구,
537, 한양대후문역 부근,성동구,
539, 군자교교차로,광진구,10.0
540, 군자역 7번출구 베스트샵 앞,광진구,
542, 강변역 4번출구 뒤,광진구,19.0
543, 구의공원(테크노마트 앞),광진구,20.0
544, 광남중학교,광진구,
546, 잠실대교북단 교차로,광진구,
548, 자양나들목,광진구,
549, 아차산역 3번출구,광진구,
550, 서울시설공단 앞,성동구,20.0
551, 구의삼성쉐르빌 앞,광진구,13.0
552, 대림아크로리버 앞,광진구,
553, 중곡 성원아파트 앞,광진구,
555, 구의3동주민센터,광진구,
556, 달맞이공원,성동구,
557, 도선동 주민센터 앞,성동구,10.0
558, 성동광진 교육지원청 앞,성동구,
559, 왕십리역 4번 출구 건너편,성동구,13.0
560, 비전교회 앞,성동구,8.0
561, 서울숲역 2번출구 앞,성동구,10.0
563, 성동세무서 건너편,성동구,
564, 금호역 3번출구,성동구,
565, 옥수역 3번출구,성동구,19.0
568,청계8가 사거리 B,성동구,
569, 응봉현대아파트 정류소,성동구,10.0
571, 세종대학교 대양AI센터,광진구,20.0
573, 구의문주차장 앞,광진구,10.0
574, 아차산역4번출구,광진구,45.0
575, 대원중고교 입구(대하빌딩),광진구,
576, 광나루역 3번 출구,광진구,
577, 광진청소년수련관,광진구,10.0
578, 성동세무서 부근,성동구,8.0
579, 마장역 4번출구,성동구,
582, 경일중학교 앞,성동구,10.0
583, 청계천 생태교실 앞,성동구,
584, 광진광장 교통섬,광진구,20.0
585, 성수2가1동 공영주차장 인근,성동구,9.0
586, 마장동 주민센터,성동구,10.0
587, 유니베라 앞,성동구,10.0
588, 뚝섬 유원지역,광진구,20.0
590, 건국대학교 (입학정보관),광진구,
591, 건국대학교 (행정관),광진구,
592, 건국대학교 학생회관,광진구,
593,자양중앙나들목,광진구,8.0
594, 중랑물재생센터(서울새활용플라자),성동구,
600, 휘경2동 주민센터,동대문구,10.0
602, 장안동 사거리,동대문구,10.0
605, 신설동역8번출구,동대문구,
606, 휘경공고앞,동대문구,
607, 신이문역 2번출구,동대문구,
608, 전농삼성아파트,동대문구,
609, 제기2교,동대문구,
610, 동대문중 교차로,동대문구,10.0
612, 시립동부병원 앞 사거리,동대문구,20.0
613, 신설동역 10번출구 앞,동대문구,
614, 용두동 사거리,동대문구,23.0
615, 용두동 래미안허브리츠아파트 앞,동대문구,25.0
616,서울시립대 정문 앞 A,동대문구,
617, 청솔우성아파트 앞,동대문구,20.0
621,전농초등학교 건너편,동대문구,8.0
622, 전농사거리 교통섬,동대문구,15.0
623,서울시립대 정문 앞 B,동대문구,
624, 전농동 동아아파트 앞,동대문구,10.0
626, 군자교 서측 녹지대,동대문구,17.0
627, 장안동삼거리 교통섬,동대문구,10.0
628, 휘봉고등학교 앞,동대문구,15.0
630, 동대문구 보건소,동대문구,15.0
631, 답십리역 1번출구,동대문구,15.0
633, 청량리 기업은행 앞,동대문구,8.0
634, 외국어대 정문 앞,동대문구,
635, 시조사 앞,동대문구,
636, 세종대왕기념관 교차로,동대문구,
637, KAIST 경영대학 앞,동대문구,
638, 서울시립대 정보기술관,동대문구,10.0
639, 서울시립대 후문,동대문구,14.0
640, 동대문경찰서 교차로,동대문구,
641, 용두역 4번출구,동대문구,10.0
642, 신답역 사거리,동대문구,9.0
643, 동대문구민체육센터 (육교아래),동대문구,10.0
648, 장안동위더스빌옆,동대문구,
650, 중랑교사거리,동대문구,
652, 답십리 래미안엘파인아파트 입구,동대문구,
654, 전농동 텃골공원,동대문구,
656, 영휘원 교차로,동대문구,
657, 동대문롯데캐슬아파트 앞,동대문구,
661, 경희대학교 청운관,동대문구,
663,외대앞역 3번출구,동대문구,
664, 서울시립대 건설공학관,동대문구,
665,이문동 쌍용아파트 정문,동대문구,11.0
666,이문대성유니드아파트 앞,동대문구,20.0
667,청량차도 육교 밑,동대문구,7.0
669,청계한신휴플러스앞 삼거리,동대문구,10.0
670,삼육서울병원 버스정류장,동대문구,9.0
671,대광빌딩,동대문구,10.0
672,대광고등학교,동대문구,17.0
673,안암골벽산아파트(후문),동대문구,10.0
674,고대앞사거리 교통섬,동대문구,15.0
676,FITI시험연구원 앞,동대문구,9.0
678,장안힐스테이트(아) 앞,동대문구,21.0
679,전농SK아파트 앞,동대문구,10.0
680,꿈마루어린이도서관 앞,동대문구,22.0
681,서울특별시 동부교육지원청(육교),동대문구,14.0
700, KB국민은행 염창역 지점 앞,양천구,
701, 목동사거리 부근,양천구,
702, 목4동주민센터 옆,양천구,
703, 오목교역 7번출구 앞,양천구,12.0
704, 남부법원검찰청 교차로,양천구,
706, 신정네거리역,양천구,15.0
708, 서울출입국관리사무소 앞,양천구,
709, 신정3동 현장민원실 앞,양천구,
710, 금옥여고보도육교,양천구,10.0
711, 신일해피트리아파트 앞,양천구,
713, 양서중학교 옆,양천구,20.0
714, 한국SGI 양천문화회관 앞,양천구,
716,신정6동 주민센터 인근,양천구,
719, 홍익병원앞 교차로,양천구,
720, 서울강월초등학교 앞,양천구,
722, 경서농협 버스정류장(우리은행신정동지점방향),양천구,
723, SBS방송국,양천구,
724, 계남공원 입구 주출입구 좌측,양천구,
726, 목동3단지 시내버스정류장,양천구,
729, 서부식자재마트 건너편,양천구,
731, 서울시 도로환경관리센터,양천구,
733, 신정이펜하우스314동,양천구,
734, 신트리공원 입구,양천구,
735, 영도초등학교,양천구,
736, 오솔길공원,양천구,
737, 장수공원,양천구,
739, 신월사거리,양천구,
740, 으뜸공원,양천구,
741, 화곡로 입구 교차로,양천구,
742, 등촌역 5번 출구 뒤,양천구,
743, 현대6차아파트 101동 옆,양천구,
744, 신목동역 2번 출구,양천구,40.0
745, 강서초등학교,양천구,
746, 목동2단지 상가,양천구,
747, 목동3단지 상가,양천구,
748, 목동운동장,양천구,
749, 이대목동병원보도육교,양천구,
750, 연의근린공원 건너편,양천구,
752, 성원2차 아파트,양천구,
754, 목동1단지아파트 118동 앞,양천구,
755, 목동1단지아파트 상가 앞,양천구,
756, 목동주차장,양천구,
757, 신정이펜하우스 1단지아파트 입구 사거리,양천구,
758, 한사랑교회 앞,양천구,
759, 보아스아파트 앞,양천구,
760, 잣절보도육교 아래,양천구,
762, 오목로 무중력지대 앞,양천구,
763, 목동11단지 아파트,양천구,
764, 목동청소년수련관,양천구,
765, 오목교역 3번출구,양천구,
766, 신목동역 3번출구,양천구,
767,신정숲속마을아파트,양천구,10.0
768,목동5단지아파트 501동,양천구,15.0
769,CBS방송국 앞,양천구,20.0
770,목동역5번출구 교통정보센터 앞,양천구,15.0
771,목동아파트 703동 앞,양천구,8.0
773,"염창역 3, 4번 출구 사이",양천구,10.0
774,등촌역 4번 출구,양천구,11.0
775,세종그랑시아 앞(102동),양천구,10.0
776,목마공원,양천구,15.0
777,신월6차보람아파트 앞,양천구,10.0
779, 신정1동 주민센터 앞,양천구,20.0
780,신정교 하부,양천구,15.0
781,신정보도육교 아래,양천구,15.0
782,서남병원 후문,양천구,20.0
785,"양천구청, 보건소 사잇길",양천구,24.0
786,목동아파트 8단지 상가동 앞,양천구,9.0
787,양천아파트 입구,양천구,14.0
788,양천구청역 2번출구 옆,양천구,15.0
790,화곡고가 사거리,양천구,30.0
791,현대하이페리온,양천구,15.0
792,목동트라팰리스 웨스턴에비뉴,양천구,20.0
793,목동5단지아파트 534동,양천구,15.0
794,양천문화회관,양천구,10.0
795,양천 해누리타운,양천구,22.0
796,목동아파트 14단지 B상가 앞,양천구,10.0
797,목동아파트 1422동 1434동 사잇길,양천구,10.0
800, 목월공원 앞,용산구,
802, 한강진역 2번 출구 앞,용산구,
805, 문배어린이공원 앞,용산구,
806, 전자랜드 본관 앞,용산구,
807, 서울역 12번 출구 앞,용산구,10.0
808, 서빙고동 금호맨션 앞,용산구,10.0
809, 한남 유수지 복개주차장,용산구,10.0
810, 이태원지하보도,용산구,
811, 녹사평역1번출구,용산구,20.0
813, 삼각지역 3번출구,용산구,20.0
815, LIG강촌아파트 103동앞,용산구,30.0
816, 신용산역 6번출구 앞,용산구,
817, 삼각지역 4번출구 앞,용산구,9.0
818, 숙명여대 입구 교차로,용산구,12.0
819, 선린인터넷 고등학교,용산구,
820, 청파동입구 교차로,용산구,
822, 이촌1동 마을공원,용산구,10.0
823, 효창동주민센터 앞,용산구,10.0
825, 서빙고동 주민센터 앞,용산구,15.0
826, 서울역 서부교차로2,중구,
827, 국군복지단,용산구,
828, 숙대입구역 8번,용산구,
829,한강대교 북단 교차로,용산구,
830,강변삼성스위트아파트 앞,용산구,
832, 이촌1동 주민센터 뒤,용산구,
834, 효창공원앞역 3번출구 뒤,용산구,15.0
835, 남영역 건너편,용산구,
836, 현대자동차서비스 앞,용산구,
837, 한남나들목 입구,용산구,
838, 숙대입구역 4번출구,용산구,
839, 보광동 삼성리버빌아파트 앞,용산구,
840, 용산 파크타워 앞,용산구,
841, 신용산역 1번 출구,용산구,30.0
843,이태원관광특구B(용산구청쪽),용산구,19.0
844, 이촌2동 동원베네스트 아파트 앞,용산구,
845, 용산 선인상가,용산구,
846, 용산중학교,용산구,
848, 삼각지12번 출구,용산구,10.0
849, 삼각지 자이아파트,용산구,20.0
850, KCC용산월츠타워,용산구,15.0
851,효창 푸르지오 앞,용산구,10.0
852,청암자이아파트 앞,용산구,30.0
853,용산역 맞은편,용산구,19.0
854,HID 유족동지회 앞,용산구,10.0
855,이촌역5번출구 앞,용산구,10.0
857, 현대 안성타워,용산구,10.0
858,녹사평역3번 출구,용산구,10.0
859,남산공원 야외식물원 앞,용산구,10.0
860,LG한강 자이아파트 앞,용산구,22.0
863,이촌역2번 출구,용산구,10.0
864,순천향대학병원(한남오거리),용산구,10.0
866,브라운스톤 남산아파트,용산구,10.0
867,서빙고역 광장(1번출구),용산구,10.0
869,노들섬 동측 앞,용산구,10.0
870,노들섬 서측 앞,용산구,10.0
900, 은평예술회관,은평구,20.0
902, 진관동 은빛초등학교,은평구,
903, 은평뉴타운 아이파크,은평구,20.0
904, 은평뉴타운 푸르지오,은평구,
905, 구파발역 2번출구,은평구,10.0
906, 연신내역 5번출구,은평구,
907, CJ 드림시티,은평구,
908, 구산역 4번출구,은평구,
909, 백련산 힐스테이트 3차,은평구,10.0
911, 은평평화공원(역촌역4번출구),은평구,
912, 응암오거리,은평구,
913, 이마트 버스정류장(서부경찰서 방면),은평구,
914, 새절역 2번출구,은평구,
915, 증산역 4번출구,은평구,
916, 평생학습관 앞,은평구,
917, 녹번역 3번출구,은평구,10.0
919, 서울혁신파크,은평구,
921, 신도고등학교,은평구,
922, 연신내역 4번출구,은평구,
923, 국민은행 연서지점,은평구,
925, 불광역 2번출구,은평구,
927, 연신내역 3번출구 인근,은평구,
928, 은평역사한옥박물관,은평구,
930, 구 서부경찰서 건너편,은평구,
931, 역촌파출소,은평구,
932, 예일여중,은평구,
933, 역촌종합시장 버스정류장(예일여고 방면),은평구,
937, 상림마을 롯데캐슬2단지 옆,은평구,
938, 금암 문화공원,은평구,
939, 은평구청 교차로,은평구,
941, 은평뉴타운 도서관,은평구,
942, 상림마을 생태공원,은평구,
943, 은평구청 보건소,은평구,
945, 기자촌 사거리 A,은평구,
946, 독바위역,은평구,16.0
947, 연신내 선일하이츠빌 정류소,은평구,
948, 디지털미디어 시티역 4번출구(DMC역),은평구,
949, 연신내역 1번 출구,은평구,
950, 구산역 2번 출구 예일여고 버스정류장,은평구,
952, 서울연신중학교,은평구,
953, 서울연신초등학교,은평구,
954, 은평뉴타운구파발9단지,은평구,
956, 응암시장교차로,은평구,
958, 본 서부병원 버스정류장(은평 세무서 방면),은평구,
959, 구파발10단지 인근,은평구,
960, 구파발역 환승센터,은평구,
962, 은평뉴타운 힐데스하임,은평구,
963, 대호프라자아파트,은평구,
964, 북한산힐스테이트 7차아파트,은평구,
965, 서울특별시 은평병원,은평구,
966, 서울혁신파크1,은평구,
967, 서울혁신파크2,은평구,
968, 은평뉴타운 상림마을 13단지,은평구,
969, 은평 지웰테라스,은평구,
971, 역촌 센트레빌 아파트,은평구,
973,제각말푸르지오 5-1단지 아파트,은평구,10.0
974,연신초등학교옆 마을마당,은평구,10.0
975,백련산 힐스테이트상가앞,은평구,10.0
976,진관고등학교앞,은평구,10.0
977,신도중학교앞,은평구,10.0
978,녹번 힐스테이트상가앞,은평구,10.0
979,원풍빌라앞,은평구,10.0
982, 녹번초등학교(서오릉로),은평구,10.0
984,상신초등학교앞 버스정류장,은평구,9.0
985, 은평세무서 버스정류장(은평구청 방면),은평구,10.0
989, 신응교(가좌로) 앞,은평구,10.0
991,흥국사 정류장,은평구,10.0
992,북한산입구 정류장,은평구,10.0
993,은평뉴타운 은뜨락아파트앞,은평구,15.0
994,북한산생태공원입구(교통섬),은평구,10.0
995,은평다목적체육관,은평구,10.0
996,응암역2번출구 국민은행 앞,은평구,10.0
1001, 광진교 남단 사거리(천호공원 방면),강동구,
1002, 해공공원(천호동),강동구,
1003, 해공도서관앞,강동구,
1004, 삼성광나루아파트 버스정류장,강동구,
1006, 롯데캐슬 115동앞,강동구,
1007,암사동 선사유적지,강동구,
1008, 암사역 3번출구(국민은행앞),강동구,
1009, 천호역4번출구(현대백화점),강동구,
1010, 강동세무서,강동구,
1011, LIGA 아파트 앞,강동구,
1012,천호역효성해링턴타워 앞,강동구,
1013, 강동구청역 1번 출입구,강동구,
1016, 해뜨는 주유소옆 리엔파크 109동앞,강동구,
1017, 둔촌고교입구 교차로(길동주민센터 방면),강동구,
1018, 둔촌 주공 GS 맞은편,강동구,15.0
1019, 다성이즈빌아파트(호원대 대각선 맞은편),강동구,
1020, 강동경찰서,강동구,
1021, 강일동 리슈빌 빌딩앞,강동구,
1022, 길동 사거리(초소앞),강동구,
1023, 한국종합기술사옥 앞,강동구,
1024, 강동구청 앞,강동구,
1025, 상일초등학교,강동구,
1026, 대명초교 입구 교차로,강동구,
1027, 프라자 아파트 앞,강동구,
1028, 포레스 주상복합 빌딩,강동구,
1029, 성내어울터,강동구,
1030, 미호 플랜트 앞,강동구,
1031, 올림픽로 836(아리수로),강동구,
1032, 선사고등학교,강동구,
1033, 고덕동 아남아파트,강동구,17.0
1034, 고덕동 래미안 힐스테이트,강동구,
1035, 고덕역 4번출구,강동구,
1036, 고덕동 주양쇼핑,강동구,
1037, 강일리버파크 6단지,강동구,
1038, 강일 다솜 어린이 공원,강동구,
1039, 고덕초등학교,강동구,
1041, 묘곡초등학교,강동구,
1042, 강일리버파크 2~5단지,강동구,
1044, 굽은다리역,강동구,
1048, 둔촌어린이공원,강동구,
1049, 강일리버파크 10단지,강동구,
1050, 둔촌역 3번 출입구,강동구,
1051," 강일중,선사고 버스정류장(신암중학교 방면)",강동구,
1053, 동명근린공원 진입로 (아리수로),강동구,3.0
1056, 강일리버파크 7~11단지,강동구,
1057, 능골근린공원,강동구,
1058, 고덕숲 아이파크 1,강동구,
1059, 래미안 강동팰리스(102동),강동구,
1060, 천일초교 사거리,강동구,
1061, 천호초교 입구 사거리(일주빌딩),강동구,
1063,강동롯데캐슬퍼스트 아파트(관리동),강동구,10.0
1064,중앙보훈병원역 1번출구,강동구,10.0
1065,보훈병원 후문옆(더 원커피),강동구,10.0
1066,생태공원앞 교차로(조명탑),강동구,10.0
1067,한영중고앞사거리,강동구,10.0
1068,명일파출소,강동구,10.0
1070,(시립)고덕평생학습관,강동구,10.0
1072,고덕역 5번출구,강동구,22.0
1073, SSTS 몰 앞,강동구,7.0
1074,대명초교입구 사거리,강동구,15.0
1075,천동초교 삼거리,강동구,10.0
1076, 천동초교입구사거리 버스정류장(십자성마을 방면),강동구,10.0
1077,강동역 1번출구 앞,강동구,15.0
1078,둔촌사거리,강동구,25.0
1079,강일동입구교차로,강동구,10.0
1080,엘웨딩,강동구,10.0
1081,트레빌빌딩,강동구,20.0
1083,광문고교사거리(아이파크),강동구,15.0
1084, 윤선생빌딩(JYP사옥),강동구,20.0
1085,래미안 솔베뉴(고덕로),강동구,20.0
1086,래미안 솔베뉴(구천면로),강동구,10.0
1088,풍납사거리(강동),강동구,12.0
1089,고덕 래미안힐스테이트(201동),강동구,10.0
1090,상일동역 2번출구 앞,강동구,17.0
1101,상사마을 버스정류장(아라대교방면),강서구,
1102, 방화사거리 마을버스 버스정류장,강서구,
1103, 방화역 4번출구앞,강서구,10.0
1105, 방화근린공원,강서구,
1106, 신방화사거리,강서구,10.0
1108, 공항시장역 2번출구 뒤,강서구,
1109, 공항시장역 4번출구,강서구,
1110, 공항중학교앞,강서구,15.0
1111, 마곡엠밸리6_7단지 마곡중학교,강서구,
1112, 마곡엠밸리4단지 정문,강서구,15.0
1113, 서남환경공원 버스정류장,강서구,15.0
1117, 등촌5단지아파트 버스정류장,강서구,
1118, 증미역 3번출구뒤(등촌두산위브센티움오피스텔),강서구,
1119, 염창동 한마음아파트 앞,강서구,
1120, 대림경동아파트앞,강서구,
1121, 가양레포츠센터 앞,강서구,
1124, 발산역 6번 출구 뒤,강서구,6.0
1126, 우장산역 1번출구옆(우장산아이파크105동앞),강서구,
1127, 화곡역 버스정류장,강서구,
1128, 화곡역 6번출구,강서구,
1129, 화곡역 1번 출구 앞,강서구,
1130, 화곡본동시장 버스정류장,강서구,
1132, 등촌역 7번출구,강서구,
1135, 강서구의회,강서구,
1136, 등촌2파출소,강서구,
1137, 등촌2동주민센터,강서구,
1139, 용문사 버스정류장,강서구,
1140, 목동사거리 버스정류장,강서구,
1141, 곰달래 문화복지센터 A,강서구,10.0
1145, 곰달래 문화복지센터 B,강서구,
1148, 볏골공원,강서구,
1149, 신방화역환승주차장,강서구,
1150, 송정역 1번출구,강서구,
1151, 마곡역1번출구,강서구,
1152, 마곡역교차로,강서구,30.0
1153," 발산역 1번, 9번 인근 대여소",강서구,15.0
1155, 기쁜우리복지관,강서구,
1157, 강서구청,강서구,
1158, 가양역 8번출구,강서구,
1159, 서서울모터리움 앞,강서구,
1160, 양천향교역 7번출구앞,강서구,20.0
1161, 강서면허시험장 앞,강서구,
1162, 공항초등학교건너편,강서구,
1165, 마곡중학교 후문,강서구,
1166, 강서구립등빛도서관,강서구,
1167, 마곡수명산파크3단지 교차로,강서구,
1168, 마곡엠밸리10단지 앞,강서구,14.0
1169, 염창역 1번 출구,강서구,
1170, 강서구보건소,강서구,
1171, 염창동 새마을금고 건너편,강서구,
1172, 가양3동 주민센터,강서구,
1173, 강서구청사거리(SH타워),강서구,
1174, 강서구청사거리(부민병원),강서구,
1175, 대한항공 인력개발센터,강서구,
1177, 수명중?고교,강서구,
1178, 개화산역 2번 출구,강서구,
1180, 마곡엠밸리 15단지(1502동) 건너편,강서구,
1181, 농수산식품공사 (강서지사),강서구,
1182, KBS 스포츠월드,강서구,
1183, KC 대학교,강서구,
1184, 마곡13단지,강서구,
1185, 등촌9단지,강서구,20.0
1186, 송정중학교,강서구,
1187, 강서수산물도매시장,강서구,
1188, 롯데중앙연구소,강서구,
1190, 마곡역 교차로(2번출구),강서구,
1191," 마곡역 버스정류장(마곡나루역1번출구, 웰튼병원 방면)",강서구,
1192, 마곡수명산파크 209동 건너편,강서구,20.0
1193, 마곡센트럴타워 1차,강서구,36.0
1195, 코오롱One&Only타워,강서구,
1196, 서울식물원(문화센터) 건너편,강서구,11.0
1197, 엠펠리체 호텔 건너편,강서구,
1198, LG 사이언스파크,강서구,
1199, 우장산역 3번출구,강서구,
1200, 개화광역환승센터,강서구,
1201, 가락시장역 3번 출구,송파구,
1203, 밀리아나2빌딩 앞,송파구,
1204, 거여역 3번출구,송파구,
1205, 종합운동장역 4번출구,송파구,
1206, 9호선종합운동장역 9번출구,송파구,
1207, 마천중앙시장,송파구,
1208, 풍납현대아파트쉼터,송파구,
1209, 잠실나루역 (2번 출구 쪽),송파구,
1210, 롯데월드타워(잠실역2번출구 쪽),송파구,
1212, 송파역 2번 출구앞,송파구,
1213, 백토공원 앞,송파구,
1214, 오금역 7번 출구 인근,송파구,
1215, 올림픽공원역 1번출구 앞,송파구,
1217, 송파파인타운 7단지,송파구,
1218, 방이역 4번출구,송파구,
1220, 잠실근린공원,송파구,
1221, 삼전역 4번출구,송파구,
1222, 잠실새내역 5번 출구 뒤,송파구,
1224, 아시아지하보도 2번 출구,송파구,
1226, 잠실4동 주민센터 옆,송파구,
1227, 거여역 8번출구 뒤,송파구,
1228, 마천사거리,송파구,
1229, 송파체육문화회관 앞,송파구,
1230, 송파중학교 정문,송파구,
1231, 잠실역 6번출구,송파구,13.0
1232, 잠실주공 521동 건너편,송파구,
1233, 잠실3거리(갤러리아팰리스),송파구,
1235, 잠실트리지움310동 옆,송파구,14.0
1239, 문정 법조단지3,송파구,
1240, 문정 법조단지4,송파구,
1241, 문정 법조단지5,송파구,
1242, 문정 법조단지6,송파구,
1243, 문정 법조단지7,송파구,29.0
1244, 문정 법조단지8,송파구,
1245, 문정 법조단지9,송파구,
1246, 문정 법조단지10,송파구,
1247, 문정 법조단지11,송파구,15.0
1248, 방이초등학교,송파구,
1250,문정2동 주민센터,송파구,
1251, 석촌역 2번출구,송파구,
1253, 오금역 3번 출구 뒤,송파구,
1256, 문정현대아파트 교차로,송파구,
1258, 가락미륭아파트 앞,송파구,
1259, 방이역 1번출구,송파구,
1260, 방이동 한양3차아파트 옆,송파구,
1262, 송파여성문화회관 앞,송파구,
1263, 장지공영차고지,송파구,
1264, 천호역 10번 출구 앞,송파구,
1265, 문정동 근린공원,송파구,
1266, 문정동 글샘 공원,송파구,10.0
1267, 올림픽공원 남2문 앞,송파구,14.0
1268, 몽촌토성역 1번출구 옆,송파구,15.0
1269, 리센츠아파트,송파구,
1271, 송파도서관,송파구,15.0
1274, 영파여고 앞,송파구,
1275, 거여초등학교 옆,송파구,
1277,성내7교,송파구,
1278, 송파구청 교차로,송파구,16.0
1279, 마천금호어울림 1차아파트 건너편,송파구,
1280, 송파파크데일 2단지입구 앞 주차장,송파구,
1282, 송파소방서 맞은편(성내4교),송파구,
1283, 오금공원 사거리,송파구,
1285, 위례별 유치원 뒤,송파구,
1286, 위례중앙푸르지오 1단지 앞,송파구,
1287, 위례아이파크 101동 맞은편,송파구,
1288, 문정중교 사거리,송파구,
1289, 풍납토성 서성벽터B,송파구,
1290, 위례송파꿈에그린아파트24단지 앞 성벽 다리 밑,송파구,
1291, 서울체육고등학교 앞,송파구,
1293, 석촌호수 서호 사거리,송파구,
1295, 잠실역 8번출구,송파구,
1296, 석촌호수교차로 (송파나루근린공원 앞),송파구,
1297, 석촌호수교차로(동호 팔각정 앞),송파구,
1299, 송파소방서 (방이119안전센터),송파구,
1300, 오륜사거리,송파구,
1302, 한성대입구역6번출구 뒤,성북구,
1303, 돈암초교 입구,성북구,
1304, 만해공원,성북구,
1305, 성북구청,성북구,
1306, 한성대입구역2번출구,성북구,10.0
1308, 안암로터리 버스정류장 앞,성북구,
1314, 정릉꿈에그린1단지 201동 앞,성북구,
1315, 고려사대부속중고 정문,성북구,
1316, 고려사대부속중고 건너편,성북구,
1318, 길음역 3번출구 뒤,성북구,
1319, 종암사거리 분수대,성북구,10.0
1321, 국민은행 종암동지점 앞,성북구,
1322, 래미안라센트아파트 103동 앞,성북구,
1325, 상월곡역 4번출구,성북구,
1326, 상월곡역 1번출구,성북구,
1327, 상월곡역 3번출구,성북구,
1328, 월곡역 3번출구,성북구,
1332, 석계역 5번출구 건너편,성북구,
1333, 석관초등학교 앞,성북구,
1334, 석관동주민센터 앞,성북구,
1336, 성북3교 위,성북구,
1337, 돈암성당 옆,성북구,
1338, 용문2교 옆,성북구,
1339, 삼성전자서비스 성북센터,성북구,
1340, 광운초등학교 앞,성북구,
1342, 성북쉼터 앞,성북구,
1343, 한성대7번출구 앞,성북구,
1344, 아리랑시네센터 앞,성북구,
1346, 길음8골어린이공원 옆,성북구,
1347, 길음래미안아파트817동 상가 앞,성북구,
1348, 성북제일새마을금고 본점 앞,성북구,
1349, 월계2교 버스정류장 앞,성북구,
1351, 안암2교 옆,성북구,
1352, e 편한세상 보문아파트 내,성북구,
1353, 금호어울림센터힐 내,성북구,
1354, 고려대학교 2번출구,성북구,
1357, 북한산보국문역,성북구,
1358, 정릉도서관 앞,성북구,
1360, 정릉역,성북구,
1361, 홍익중고 입구,성북구,
1362, 보문역6번출구 앞,성북구,12.0
1363, 보문4교 인근,성북구,
1364, 성북동 치안센터 앞,성북구,
1365, 선잠단지 앞,성북구,
1366, 일신초등학교 옆,성북구,
1367, 길음문화복합미디어센터,성북구,
1368, 성신여대입구 교차로,성북구,
1370, 복자사랑 피정의 집,성북구,
1372, KEB은행 고대점,성북구,20.0
1373, 성북구보건소 건너편,성북구,8.0
1375, 생명의 전화 종합복지관 앞 교차로,성북구,
1376, 한국과학기술연구원 중문,성북구,7.0
1377, 한국과학기술연구원 북문,성북구,
1379,길음뉴타운푸르지오아파트 3단지,성북구,10.0
1380,월곡역 5번출구 앞,성북구,10.0
1381,석계역 4번출구 뒤,성북구,18.0
1382,래미안월곡아파트 입구,성북구,10.0
1384,성신여대입구역 5번출구,성북구,13.0
1385,성신여대입구역 3번출구 앞,성북구,10.0
1386,동선고가차도 초입,성북구,10.0
1388, 돈암초교입구 버스정류장(한성대입구역 방면),성북구,10.0
1390,석관래미안아트리치,성북구,10.0
1391,성북청소년센터,성북구,10.0
1392,돈암삼성풍림아파트,성북구,10.0
1393,돈암육교 하단,성북구,10.0
1394,길음뉴타운 래미안9단지,성북구,10.0
1395,래미안장위포레카운티(102동),성북구,20.0
1396,래미안장위퍼스트하이(513동),성북구,30.0
1401, 극동늘푸른아파트,중랑구,
1402, 금란주차장 앞,중랑구,
1403, 중화빌딩 앞 (동부시장),중랑구,
1404, 동일로 지하차도,중랑구,
1405, 망우역 1번출구,중랑구,
1407, 먹골역 1번출구 뒤,중랑구,
1408, 먹골역 6번출구 앞,중랑구,
1410, 면목 대원칸타빌아파트,중랑구,
1411, 상봉시장앞 교차로 한성빌딩 앞,중랑구,
1414, 사가정역 2번출구,중랑구,10.0
1416, 상봉역 3번출구,중랑구,
1418, 새솔초등학교,중랑구,
1420, 신내어울공원 앞,중랑구,
1421, 신내역 4번출구,중랑구,
1422, 신내우디안아파트 1단지,중랑구,
1424, 양원역 2번출구,중랑구,
1425,신성미소지움아파트,중랑구,
1426, 면목도시개발아파트 1동 앞,중랑구,
1427, 용마산역 1번출구,중랑구,
1428, 원묵고등학교,중랑구,
1429, 장안중학교,중랑구,
1430, 중랑구청,중랑구,
1431, 중랑구청 사거리,중랑구,
1433, 중화역 2번출구,중랑구,
1435, 능산삼거리,중랑구,
1436, 동원베네스트 건물 앞,중랑구,
1437, 늘푸른공원 앞,중랑구,
1438, 홈플러스 신내점 앞,중랑구,
1440, 면목2동 사거리,중랑구,
1441, 신내능말공원,중랑구,
1442, 중랑구 중소기업 창업센터,중랑구,
1444, 면목4치안센터,중랑구,
1445, 용마지구대 A,중랑구,
1446, 중랑전화국 교차로,중랑구,
1447, 면목역 3번출구,중랑구,
1448, 코스트코 상봉점,중랑구,
1449, 상봉역 1번출구,중랑구,
1450, 화랑대역 7번출구,중랑구,
1451, 중랑세무서,중랑구,
1452, 겸재교 진입부,중랑구,5.0
1453, 중랑캠핑숲,중랑구,
1454, 한국전력공사(동대문 중랑지사),중랑구,
1455, 상봉역 2번 출구,중랑구,
1456, 상아빌딩(우림시장 교차로),중랑구,
1457, 동원사거리,중랑구,
1458, 상봉터미널2,중랑구,9.0
1459, 용마한신아파트사거리,중랑구,
1461,동양엔파트 앞,중랑구,12.0
1462,동부시장 북문 앞,중랑구,9.0
1464,중화역 4번출구,중랑구,15.0
1466,두산대림아파트 삼거리,중랑구,10.0
1467,sk신내 주유소앞(용마산로),중랑구,10.0
1468,먹골역 7번 출구,중랑구,6.0
1469,먹골역 4번출구,중랑구,20.0
1470,중화동 우리은행 앞,중랑구,20.0
1471,동양쇼핑 정류소 앞,중랑구,10.0
1472,영성빌딩(PAT),중랑구,8.0
1473,중랑역 1번 출구(중화문화복지센터),중랑구,10.0
1474,서울중랑우체국,중랑구,10.0
1477,면목삼익아파트 앞,중랑구,10.0
1478,홈플러스 상봉점 앞,중랑구,15.0
1479,면목 홈플러스 2,중랑구,10.0
1480,용마지구대 B,중랑구,15.0
1501," 미아역 3번,4번 출구 사이",강북구,
1503, 강북구청사거리(수유역 8번출구),강북구,
1504, 삼양시장오거리,강북구,
1506, 강북문화예술회관,강북구,
1509, 서울북부수도사업소,강북구,
1510, 번동주공5단지 관리사무소 앞,강북구,
1512, 강북중학교 앞,강북구,
1514, 강북구청 사거리 버스정류소 앞,강북구,
1515, 송천동 주민센터,강북구,
1516, 우이초등학교 후문 옆,강북구,
1518, 수유2동은행빌딩 앞,강북구,
1519, 장미원시장 건너편,강북구,
1520, 수유중앙시장,강북구,7.0
1525, 미아동 복합청사,강북구,
1526, 강북종합시장 앞,강북구,
1527, 미아역 1번 출구 뒤,강북구,
1528, 삼각산동 주민센터,강북구,
1529, 미아동 한국전력공사,강북구,
1530, 광산사거리,강북구,
1531, 미아사거리 1번 출구,강북구,
1532, 번3동 주민센터 교차로,강북구,
1533," 번동 주공3, 4단지 교차로",강북구,
1535, 효성인텔리안 앞,강북구,
1536, 번동 두산위브 101동 옆,강북구,
1537, 북한산 우이역,강북구,
1538, 솔밭공원역,강북구,
1539,4.19민주묘지역,강북구,
1540, 가오리역,강북구,
1541, 삼양역,강북구,
1542, 삼양사거리역,강북구,
1543, 수유1동 주민센터,강북구,
1546, 송천동우체국,강북구,
1547, 꿈의숲 롯데캐슬,강북구,
1548, 북서울 꿈의숲 서문,강북구,
1550,삼각산아이원아파트(105동 옆),강북구,10.0
1551,4.19탑 앞,강북구,8.0
1552, 강북구청사거리,강북구,8.0
1553,서울북부고용노동지청,강북구,15.0
1554,번동사거리,강북구,10.0
1557,신창교,강북구,10.0
1558,강북문화정보도서관,강북구,10.0
1560, 도봉세무서 앞,강북구,10.0
1564,4.19민주묘지역 1번출구,강북구,7.0
1565,수유사거리,강북구,15.0
1568,4.19민주묘지 입구사거리,강북구,10.0
1569,수유역2번출구,강북구,10.0
1571,북서울 꿈의 숲 입구,강북구,10.0
1572, 우이동 먹거리마을,강북구,10.0
1573,현대성우아파트 옆,강북구,10.0
1574,송중초등학교 옆,강북구,8.0
1601, 석계역 문화광장 내 자전거 보관소,노원구,10.0
1602, 광운대역 앞,노원구,
1605, 헬스케어,노원구,
1606, 태릉입구역 3번출구,노원구,
1608, 공릉역 1번 출구 앞,노원구,
1610, 화랑대역 2번출구 앞,노원구,
1611, 과기대 입구(우),노원구,
1616, 하계2동 공항버스정류장 옆,노원구,
1617, 하계동 중평어린이공원 앞,노원구,
1619, 중계동 하나프라자빌딩 앞(중1-1),노원구,
1625,상계역 3번출구,노원구,
1627, 수락산역 4번출구,노원구,12.0
1628, 노일초등학교 앞,노원구,
1630, 수연빌딩 앞,노원구,10.0
1634, 당고개공원 대여소,노원구,
1635, 상계3.4동 주민센터 대여소,노원구,
1636, 상계주공2단지 버스정류장 옆,노원구,
1637, KT 전화국 버스정류장 옆,노원구,
1639, 희성오피앙,노원구,
1640, 한내근린공원 북측,노원구,9.0
1641, 한내근린공원 남측,노원구,
1642, 서울여대 남문,노원구,
1643, 태릉입구역 8번출구,노원구,
1646, 삼육대 입구,노원구,
1650, 중계근린공원내,노원구,25.0
1651, 상계동 우방유쉘아파트 앞,노원구,
1652, 파르코 앞,노원구,
1653, 노원역1번출구,노원구,
1654, 당고개입구 오거리,노원구,
1655, 공릉1단지아파트,노원구,
1656, 중앙하이츠 아파트 입구,노원구,
1657, 노원구청,노원구,
1659, 중계동 을지중학교,노원구,
1660, 서울시립과학관,노원구,
1661, 당현천근린공원,노원구,
1662, 노원역7번출구,노원구,
1663, 동해문화예술관앞,노원구,
1664, 노해근린공원내,노원구,
1665, 양지근린공원앞,노원구,
1666, 노원소방서인근,노원구,
1667, 중계중학교,노원구,
1668, 중계역 6번출구,노원구,
1669, 중계역 3번출구,노원구,
1670, 노원경찰서교차로,노원구,
1671, 인덕대학교,노원구,
1672, 상계동수락리버시티,노원구,
1674, 서울북부고용센터앞,노원구,
1675, 월계문화체육센터,노원구,
1677, 육군사관학교 앞,노원구,
1679, 삼육대 도서관,노원구,
1680, 삼육대 제3과학관,노원구,
1681, 현대6차 아파트,노원구,
1682, 중계종합사회복지관 교차로,노원구,13.0
1683, 노원문화예술회관,노원구,
1684, 태릉입구역 5번출구,노원구,
1685, 불암고등학교 앞 횡단보도,노원구,
1686, 상계주공10단지 종합상가 앞,노원구,
1688, 마들역 7번출구,노원구,9.0
1689, 마들역 3번출구,노원구,10.0
1690, 도봉운전면허시험장 버스정류장 옆,노원구,
1691, 노원정보도서관,노원구,
1692, 온곡초교 교차로,노원구,
1693, 원자력 병원,노원구,
1696,수락리버시티4단지,노원구,10.0
1697,상계주공2단지 219동,노원구,10.0
1702, 녹천역 1번출구 앞,도봉구,
1703, 도봉산광역환승센터앞,도봉구,
1705, 도봉구청 정문앞,도봉구,
1706, 방학동우체국 건너편,도봉구,
1707, 도봉구민회관,도봉구,
1708, 도봉보건소사거리,도봉구,
1709, 쌍문역4번출구 주변,도봉구,
1713, 쌍문동 이안아파트 앞,도봉구,
1714, 도봉문화정보도서관 삼거리,도봉구,
1715, 서울특별시교육청도봉도서관,도봉구,
1716, 창동역 1번출구 건너편,도봉구,
1719, 신도봉사거리 버스정류장,도봉구,
1720, 도봉구청 옆(중랑천변),도봉구,
1722, 창동청소년수련관,도봉구,
1725, 창1동주민센터,도봉구,
1726, 삼익세라믹아파트교차로,도봉구,
1727, 서울도봉초등학교인근,도봉구,
1728, 서울북부지방법원,도봉구,
1729, 도봉한신아파트 버스정류장,도봉구,
1730, 도봉산역 교차로 앞,도봉구,
1731, 도봉고등학교 맞은편,도봉구,
1732, 방학역사거리,도봉구,
1733, 방학사거리 (봄마당 앞),도봉구,
1734, 쌍문현대1차아파트 108동 앞,도봉구,
1735," 도봉역 1,2번 출구사이 건너편",도봉구,
1736, 버스정류장 앞,도봉구,
1737, 신창시장,도봉구,
1738, 창동주공17단지 상가앞,도봉구,
1741, 제일강산수산입구,도봉구,
1742, 북한산 코오롱 하늘채,도봉구,
1743,창동19단지아파트 관리사무소앞,도봉구,10.0
1744,도봉소방서 옆,도봉구,15.0
1749, ESA아파트 상가 앞,도봉구,10.0
1750, 창포원 남쪽 입구,도봉구,12.0
1751, 창원초등학교 교차로,도봉구,15.0
1752, 창동 주공 4단지 입구 옆,도봉구,6.0
1754, 창동시장입구 사거리,도봉구,11.0
1756,서울북부광역등기국,도봉구,10.0
1757,솔밭공원역 1번출구 앞,도봉구,10.0
1758,솔밭공원역 1번출구 주변,도봉구,10.0
1759,서울북부지방법원 앞,도봉구,10.0
1761,방학중학교 앞,도봉구,10.0
1762,북한산 한신휴플러스APT앞,도봉구,25.0
1765,쌍문역 1번출구 주변,도봉구,13.0
1767,방학초등학교 앞,도봉구,10.0
1768,신동아타워 버스정류소,도봉구,8.0
1770,도봉한신아파트 주변,도봉구,15.0
1771,성원APT버스정류소,도봉구,15.0
1772,시립도봉노인복지관 버스정류소,도봉구,10.0
1774,정의여중고 버스정류소,도봉구,8.0
1775,신원리베르텔 앞,도봉구,15.0
1804, 독산역 2번출구 자전거주차장,금천구,
1805, 서울디지털운동장 앞,금천구,
1806, 에이스하이엔드타워9차 앞,금천구,
1808, 에이스하이엔드타워8차 앞,금천구,
1809, LG전자 별관동(호서대 벤처타워 맞은편),금천구,
1812, 갑을그레이트밸리 앞,금천구,
1814, 두산위브아파트 옆 상가건물 앞,금천구,
1819, 금천구청 앞 자전거거치대,금천구,
1820, 신한은행 시흥대로금융센터지점,금천구,
1821, 홈플러스 시흥점 맞은편 다비치안경 앞,금천구,
1823, 상신정비공업 앞,금천구,
1824, 독산근린공원 입구,금천구,
1825, 한신아파트 앞 육교 아래,금천구,10.0
1826, 한신코아 앞,금천구,
1827, 독산보도육교 앞 자전거 보관소,금천구,20.0
1828, 한양수자인아파트 앞,금천구,
1829, 홈플러스 금천점 앞,금천구,
1830, 빅마켓 금천점 앞,금천구,
1831, 메이퀸웨딩컨벤션 앞,금천구,
1833,독산역 1번출구 A,금천구,
1834, 월드메르디앙 벤처센터 2차,금천구,
1835, STX V타워,금천구,
1836, 금천구립 독산도서관,금천구,
1839, 수출의 다리 아래,금천구,
1840, 솔브레인이엔지 뒤편,금천구,
1841, 가산동 주민센터,금천구,
1842, 한울중학교,금천구,
1843, 독산고등학교,금천구,
1845, 롯데캐슬골드파크1차 서문,금천구,
1846, 롯데캐슬골드파크1차 동문,금천구,
1847, 독산주공 14단지 버스정류소,금천구,
1848, 벽산 디지털밸리 5차,금천구,9.0
1849, 대륭포스트타워5차,금천구,
1850, 코오롱테크노밸리,금천구,
1851,가산디지털단지 9번출구 인근,금천구,
1853, 서울디자인직업전문학교 앞,금천구,
1854, 가산아네스트 오피스텔 앞,금천구,
1855, 성지아파트 옆 도로변,금천구,
1856, 모두의학교,금천구,
1857, 주공14단지,금천구,10.0
1858, 500번·507번 버스 종점 앞,금천구,
1859, 대륭테크노타운 18차,금천구,
1861,IBK기업은행 석수역 지점 앞,금천구,10.0
1862,스타즈호텔독산 빌딩 앞,금천구,20.0
1863,위너스 스포츠클럽 골프연습장옆,금천구,9.0
1864,산호시티빌 옆,금천구,15.0
1865,금천구청앞(M빌딩),금천구,10.0
1866,서울안천초등학교 옆,금천구,10.0
1867,대륭포스트타워6차 앞,금천구,30.0
1868,우리은행 시흥남자동화점 앞,금천구,10.0
1869,롯데캐슬골드파크3차 301동 앞,금천구,15.0
1870,독산3동주민센터 앞,금천구,8.0
1901, 신도림동주민센터 앞,구로구,
1904, 도림천역 1번 출구 앞,구로구,
1906, 신도림역 1번 출구 앞,구로구,
1907, 구일우성(아) 육교 밑,구로구,
1908, 해원리바파크 육교 밑,구로구,
1910, 낙원교회 맞은편,구로구,
1911, 구로디지털단지역 앞,구로구,
1912, 한신휴아파트 앞,구로구,
1914, 대림역4번출구,구로구,
1916, 구로중학교앞,구로구,
1920, 서울미래초등학교 사거리,구로구,
1924, 삼부르네상스파크빌,구로구,
1925, 동양미래대학교 정문 옆,구로구,
1928, 고척스카이돔구장 광장,구로구,
1929, 고척근린공원 고척도서관 앞,구로구,10.0
1930, 개봉지구대 개봉치안센터,구로구,
1931, 개봉역2번출구 A,구로구,
1933, 개봉푸르지오아파트 상가,구로구,
1936, 개봉역 1번 출구 자전거보관서쪽,구로구,
1937, 한진아파트 입구,구로구,
1941, 오류동역 2번출구,구로구,
1943, 온수역 북측,구로구,
1946, 구로역 광장,구로구,
1951, 천왕이펜하우스 4단지 후문,구로구,
1952, 천왕연지타운2단지 앞,구로구,
1953, 천왕역 4번출구 뒤,구로구,
1955, 디지털입구 교차로,구로구,
1956, 동아1차APT105동 버스정류장(신도림중학교 방면),구로구,
1957, 구일고등학교 정문,구로구,
1958, 강서수도사업소민원센터,구로구,
1959,구로구의회 앞,구로구,9.0
1960, 구로거리공원 동측(신도림역 방면),구로구,
1962, 가리봉동주민센터,구로구,
1964, 원메디타운 앞,구로구,
1965, 삼환로즈빌아파트 105동 옆,구로구,
1966, 한마을아파트 정문상가,구로구,
1967, 참새공원(백곡경노당),구로구,
1969, 궁동생태공원,구로구,
1971, 오정초교 앞 보도육교,구로구,
1973, 오리로와 서해안도로 교차로 앞,구로구,
1974, 신도림2차e편한세상아파트 203동 앞,구로구,
1975, 대림역 1번 출입구 밑,구로구,
1976, 남구로역 5번 출입구 앞,구로구,
1977, 천왕역 1번 출입구 앞,구로구,
1979, 구로1동우체국 앞,구로구,
1981,천왕지구삼거리 앞,구로구,
1983, 구로동롯데아파트,구로구,
1985, 구로도서관,구로구,
1986, 태평양물산빌딩,구로구,
1987, 개봉아이파크아파트 앞,구로구,
1988, 고척LIGA아파트 앞,구로구,
1991, 오류동역 맞은편,구로구,
1992, 구로구배드민턴실내체육관 앞,구로구,
1993, 금강수목원아파트 앞,구로구,
1994, 삼성전자 물류센터 앞,구로구,
1996, 구일역 1번 출입구 앞,구로구,
1998, 고척교 교차로,구로구,
1999, 수궁동 성당 주변,구로구,
2000, 신도림4차 e편한세상 아파트 1109동 앞,구로구,
2002, 노들역 1번출구,동작구,
2003, 사육신공원앞,동작구,
2007, 유한양행앞,동작구,
2008, 노량진근린공원 대방공원,동작구,
2009, 보라매역 8번출구,동작구,
2012, 대림사거리(동작상떼빌아파트),동작구,
2013, 장승배기역 5번출구,동작구,
2015, 신대방삼거리역 6번출구쪽,동작구,
2016, 신대방삼거리역 3번출구쪽,동작구,
2020, 장승배기역2번출구뒷편쪽,동작구,
2024, 상도역 1번출구,동작구,
2025, 흑석역 1번출구,동작구,
2026, 흑석역 4번출구,동작구,
2027, 중앙대학교 정문 1,동작구,
2032, 이수역 11번출구쪽,동작구,
2033, 사당동 아르테스 웨딩앞,동작구,
2034, 사당역 7번출구쪽,동작구,
2036, 정금마을 마을버스정류장,동작구,
2037, 동작역 5번출구 동작주차공원,동작구,
2038, 동작역 7번출구,동작구,
2040, 비계 버스정류소,동작구,
2041, 사당중학교 버스정류소,동작구,
2048, 삼일초등학교 인근,동작구,
2050, 노량진역 5번출구,동작구,
2054, 삼익아파트,동작구,
2056, 동작구민 체육센터,동작구,
2057, 상도 아이파크 아파트,동작구,
2058, 동작경찰서,동작구,
2059, 보라매공원 정문,동작구,
2060, 남성역3번출구 뒤,동작구,
2062, 사당새마을금고,동작구,
2064, 흑석한강푸르지오 106동앞,동작구,
2065, 서울시여성가족재단,동작구,
2066, 양문교회 앞,동작구,
2067, 보라매역?동작세무서 버스정류장(강남중학교방면),동작구,
2068, 총신대 앞(육교),동작구,
2069, 숭실대 입구역3번 출구 앞,동작구,
2070, 노량진역 2번 출구 앞,동작구,
2071, 대림아파트 후문 상가 옆,동작구,
2077,노들역 3번출구,동작구,10.0
2078,흑석 아크로리버하임(103동),동작구,13.0
2079,중앙대학교 중앙광장,동작구,25.0
2080, 대방지하보도(대방동경남아너스빌아파트),동작구,15.0
2082,7호선 이수역7번출구,동작구,10.0
2083,흑석롯데캐슬에듀포레(107동),동작구,10.0
2084,e편한세상 상도노빌리티 앞,동작구,15.0
2085,강남중학교 앞,동작구,20.0
2086,삼일수영장 앞,동작구,22.0
2088,상도중앙하이츠빌 입구,동작구,10.0
2089,사당역10번출구(금강빌딩),동작구,10.0
2090,기아자동차 사당점 앞,동작구,15.0
2091, 이수역9번출구,동작구,15.0
2092,흑석한강푸르지오(110동),동작구,10.0
2093,상도SH빌아파트 입구,동작구,8.0
2094,숭실대학교(중문),동작구,20.0
2095,경문고등학교 앞,동작구,10.0
2096,서울특별시 동작관악교육지원청,동작구,8.0
2102, 봉림교 교통섬,관악구,
2103, 신림동 우방아파트,관악구,
2104, 사당역 5번출구,관악구,
2105, 미성동 신림체육센터,관악구,
2106, 세이브마트,관악구,
2108, 은천치안센터,관악구,20.0
2109, 은천로입구 가로공원,관악구,
2110, 조원동 미성아파트,관악구,
2111, 서울대입구역 1번출구,관악구,10.0
2112, 서울대입구역 마에스트로,관악구,
2113, 관악동작견인차량보관소,관악구,
2115, 관악구시설관리공단,관악구,
2116, 에이스에이존빌딩,관악구,
2119, 중앙동 동진빌딩,관악구,10.0
2122, 낙성대로 입구,관악구,
2127, 난곡종점,관악구,
2128, 관악구청교차로,관악구,12.0
2129, 낙성대 과학전시관,관악구,
2130, 영어마을 관악캠프,관악구,
2135, 신림역 5번출구,관악구,
2136, 신림역 8번출구,관악구,
2137, KT&G 관악지점,관악구,
2139, 서울신성초등학교,관악구,
2140, 신림1교 교차로,관악구,20.0
2143, 서울산업정보학교,관악구,
2144, 난우길입구,관악구,
2145, 은천초등학교 육교,관악구,
2148, 낙성대역 3번출구 뒤,관악구,
2156, 신림푸르지오아파트,관악구,
2159, 인헌초교,관악구,
2164, 관악우체국,관악구,
2165, JK장평타워,관악구,
2167, 낙성대역 1번출구,관악구,
2169, 봉천역 2번출구,관악구,
2170, 조원동 강남힐병원,관악구,
2171, 서울대입구역 5번출구,관악구,
2172, 나들목공원,관악구,
2173, 당곡사거리,관악구,
2174, 삼성디지털프라자관악점,관악구,
2175, 신림동걷고싶은문화의거리입구,관악구,
2176, 보라매공원 보도육교,관악구,
2178, 서울대학교 정문,관악구,
2179, 양녕로 입구,관악구,
2184, 구암초등학교 버스정류장,관악구,
2185, 대학동 고시촌,관악구,
2186, 낙성대입구삼거리,관악구,15.0
2187, 현대시장사거리,관악구,15.0
2189, 봉천역 4번출구,관악구,15.0
2190,도원맨션,관악구,12.0
2191,대학동주민센터,관악구,10.0
2195,은천교회,관악구,15.0
2196, 봉천역 3번출구,관악구,15.0
2198,사랑의병원,관악구,10.0
2199,신봉천주유소 A,관악구,8.0
2202,청계산입구역 1번출구,서초구,
2203, 청계산입구역 2번출구,서초구,
2205, 내곡3단지 어린이공원 앞,서초구,
2206, 언남초등학교 앞,서초구,
2207, 내곡파출소 뒤 정자,서초구,
2210, 반포1동 주민센터 앞,서초구,
2211, 서초구립반포도서관 앞,서초구,
2212,서초현대4차아파트 201동 맞은편,서초구,
2213, 고속터미널역 5번출구 앞,서초구,
2214, 신반포역 2번출구 앞,서초구,
2215, 반포종합운동장 입구,서초구,
2217,아크로리버뷰 부지 앞,서초구,
2219," 고속터미널역 8-1번, 8-2번 출구 사이",서초구,
2221, 방일초교 마을버스 정류장,서초구,
2222,사당역 12번출구 뒤,서초구,
2223, 방배래미안 정문 앞,서초구,
2225,백석예술대학교 제3캠퍼스 앞,서초구,
2226, 신동아럭스빌아파트 앞,서초구,
2227,방배열린문화센터 앞,서초구,
2228,뒷벌공원 옆,서초구,15.0
2229,로고스교회 맞은 편,서초구,
2230,이수역 4번 출구,서초구,
2231, 삼성타운(삼성생명) A동 맞은편,서초구,
2233, 서초신동아1차아파트 옆,서초구,
2235,KT 서초지사 앞,서초구,
2237,서울남부터미널 대합실 입구,서초구,
2239,교대역 6번출구,서초구,
2241,양재전화국 사거리,서초구,
2242,양재역 11번 출구 앞,서초구,
2243,서울가정법원,서초구,
2244,교육개발원입구 교차로,서초구,20.0
2245,양재초등학교 맞은편,서초구,
2246, 서울시 품질시험소 앞,서초구,10.0
2247,섬들근린공원,서초구,
2248, 서초리슈빌S 글로벌 앞,서초구,
2249, 우솔초등학교 맞은편,서초구,
2250, 서초유치원 맞은편,서초구,
2251, 더케이호텔 입구(양재2),서초구,
2252, 잔디마을 마을버스 정류장,서초구,25.0
2255,양재시민의숲역(매헌) 1번출구,서초구,
2256,양재동 꽃시장 입구,서초구,10.0
2257, 청계산 입구 삼거리,서초구,
2258,구룡사 삼거리,서초구,
2259, 잠원역 3번-4번 출구사이,서초구,
2263, 바우뫼문화복지회관,서초구,
2264, 이수역 1번출구,서초구,
2265, 이수고가차도 남단,서초구,
2266, 서초역 3번출구,서초구,
2269, 주홍교 하부,서초구,
2270, 서초포레스타 7단지,서초구,
2271, 내방역 8번출구 앞,서초구,
2272, 교대입구 교차로,서초구,
2273, 일동제약 사거리,서초구,
2274, 양재시민의숲역 3번출구,서초구,
2275, 염곡치안센터 건너편,서초구,
2276, 영동1교 (양재천근린공원),서초구,
2277, 길마중4교 하부,서초구,10.0
2279, 교대역 5번출구뒤,서초구,
2280, 서울서초고용센터앞,서초구,
2281, 연세사랑병원신관앞,서초구,
2282, 방배래미안아트힐 101동앞,서초구,
2283, 그룹한빌딩옆,서초구,
2284, CJ오쇼핑앞,서초구,
2285, LH서초3단지 301동 맞은편,서초구,
2286, 탑성마을입구,서초구,
2287, 능안마을입구,서초구,
2288, 안골마을입구,서초구,
2289, 남태령역 2번출구,서초구,
2293, SPC 앞,서초구,
2294, 두상빌딩 앞,서초구,
2297, 남부터미널역 1번출구,서초구,
2299, 한전아트센터 앞,서초구,
2301, 현대고등학교 건너편,강남구,
2302, 교보타워 버스정류장(신논현역 3번출구 후면),강남구,
2303, 논현역 10번출구,강남구,
2304, 대현그린타워,강남구,10.0
2305, MCM 본사 직영점 앞,강남구,
2306, 압구정역 2번 출구 옆,강남구,
2307, 압구정 한양 3차 아파트,강남구,
2308, 압구정파출소 앞,강남구,
2309, 청담역(우리들병원 앞),강남구,
2310, 청담동 맥도날드 옆(위치),강남구,
2311, 학동로 래미안 아파트 앞,강남구,
2312, 청담역 13번 출구 앞,강남구,
2313, 금원빌딩 앞,강남구,
2314, 청담나들목입구,강남구,
2315, 봉은사역 5번출구 옆,강남구,
2316, 삼성역 8번출구,강남구,
2317, 삼성도로공원,강남구,
2318, 삼성중앙역4번출구(문화센터더 리빌),강남구,
2319, 포스코사거리 서측(수협 삼성동 지점),강남구,
2320, 도곡역 대치지구대 방향,강남구,
2321, 학여울역 사거리,강남구,
2322, 삼성역 3번 출구,강남구,
2323, 주식회사 오뚜기 정문 앞,강남구,
2324, 천주교 대치 2동 교회 옆,강남구,
2325, 대치삼성아파트 앞 교차로,강남구,
2326, 대치동 삼성로,강남구,
2327, 뱅뱅사거리 랜드마크타워 앞,강남구,
2328, 르네상스 호텔 사거리 역삼지하보도 7번출구 앞,강남구,
2329, 르네상스호텔사거리 역삼지하보도 2번출구,강남구,
2330, 역삼월드메르디앙아파트 앞,강남구,
2331, 동영문화센터앞,강남구,
2332, 선릉역3번출구,강남구,
2333, 양재역 3번출구 주변,강남구,
2334, 삼호아파트 2동 ( 간선도로),강남구,
2335, 3호선 매봉역 3번출구앞,강남구,15.0
2336, 강남세브란스교차로 래미안그레이튼 104동 앞,강남구,
2337, 대모산입구역 2번출구 앞,강남구,
2339, 현대아파트 정문 앞,강남구,
2340, 삼호물산버스정류장(23370) 옆,강남구,17.0
2341, 일원역 4~5번 출구 사이,강남구,
2342, 대청역 1번출구 뒤,강남구,
2344, 리엔파크 2단지 앞,강남구,
2347, 두산건설 본사,강남구,
2348, 포스코사거리(기업은행),강남구,23.0
2349, 역삼빌딩 앞(하나은행 옆),강남구,
2350, 래미안그레이튼102동앞,강남구,
2351, 청소년수련관(수영장)앞,강남구,
2352, 서울본부세관(건설회관 앞),강남구,
2353, 강남구청역 2번출구 뒤,강남구,
2354, 청담역 2번출구,강남구,
2355, 삼성역 5~6번 출구 사이,강남구,
2356, 강남구청,강남구,10.0
2357, 르네상스호텔사거리 역삼지하보도 3번출구 앞 (더 오번 빌딩 명동칼국수 앞),강남구,
2358, 구룡초사거리 (현대아파트10동 앞 ),강남구,
2359," 국립국악중,고교 정문 맞은편",강남구,
2360, 도곡1동 주민센터 교차로,강남구,
2362, 신사동 가로수길 입구,강남구,
2363, 강남 을지병원 교차로,강남구,
2364, 도산공원교차로,강남구,
2365, K+ 타워 앞,강남구,
2368, 도곡동 경남아파트 건너편,강남구,7.0
2369, KT선릉타워,강남구,
2370, 한티역 3번출구,강남구,
2371, 한국우편사업진흥원,강남구,
2372, 대치역 사거리,강남구,
2373, 개포동역 사거리,강남구,
2375, 수서역 1번출구 앞,강남구,
2376, 수서역 6번출구 앞,강남구,
2377, 수서역 5번출구,강남구,
2380, 삼성동베이직하우스앞,강남구,
2381, 언주역 6번출구앞,강남구,
2382, 역삼동 sk뷰 501동앞,강남구,
2383, 보금자리정원,강남구,
2384, 자곡사거리,강남구,
2385, 학동역,강남구,
2386, 크린랩 본사,강남구,10.0
2387, 래미안강남힐즈 사거리,강남구,
2388, 강남구 도시관리공단,강남구,
2389, 경기여자고등학교 후문 (삼성로3길 입구),강남구,
2390, 구룡마을 입구 (래미안블레스티지 아파트),강남구,3.0
2391, 구룡터널 입구(개포1단지아파트),강남구,
2392, 구룡산 입구 (구룡산 서울둘레길 입구),강남구,
2394, 개포래미안포레스트아파트 107동 앞,강남구,10.0
2396, 영동3교 북단(우성캐릭터 앞 보도),강남구,
2398, 더라움,강남구,
2401, 밀알학교 입구 (삼성서울병원 입구),강남구,
2403, 공무원연금매점 교차로 (개포주공9단지 입구),강남구,
2404, 대모산입구역 4번 출구 앞,강남구,
2405, 청담공원앞 교차로,강남구,
2406, 논현동 광명빌딩 앞,강남구,
2407, 역삼서초삼성 세무서 앞 (역삼빌딩 앞,강남구,
2408, 강남한양수자인아파트,강남구,
2409, 역삼동 디오슈페리움 (우성아파트 사거리),강남구,
2410, 포스코피앤에스타워 (역삼역 3번출구 부근),강남구,10.0
2411, 세곡동 성당,강남구,
2413,도곡역 1번 출구,강남구,20.0
2414, 도곡역 아카데미스위트 앞,강남구,20.0
2415,한티역 롯데백화점 앞,강남구,15.0
2416,한티역 6번 출구,강남구,10.0
2417,선정릉 디캠프(D.CAMP)앞,강남구,10.0
2418,봉은사역 7번 출구,강남구,10.0
2419,"봉은사역 1,2번 출구",강남구,13.0
2420,학여울역 사거리(LG베스트샵 앞),강남구,20.0
2421, 신논현역 4번출구,강남구,15.0
2422,수서동 성당 맞은편,강남구,10.0
2423,영희초교 사거리(래미안개포루체하임),강남구,10.0
2425,세곡동 사거리(대왕초등학교 정류장),강남구,20.0
2426,강남한신휴플러스 6단지,강남구,10.0
2427,개포고등학교 정문앞,강남구,10.0
2430,강남파이낸스센터앞(역삼역2번출구),강남구,10.0
2431,대치역 7번출구,강남구,10.0
2501, 서초 포레스타5단지,서초구,
2502, 서초역1번출구 앞,서초구,
2503, 반포1동 서초빌딩 앞,서초구,
2504, 신사역 4번출구 뒤,서초구,10.0
2505, 우성아파트사거리 (기업은행앞),서초구,
2506, LG유플러스 (방배사옥),서초구,
2509, 심산기념문화센터,서초구,16.0
2510, JW타워,서초구,
2511, 이수역 6번출구 앞,서초구,
2514,사평역 2번출구,서초구,10.0
2515,서초초등학교 후문,서초구,15.0
2516,본마을 노인복지센터 앞,서초구,9.0
2517,서초그랑자이 앞,서초구,20.0
2518,서초동 현대아파트 앞,서초구,10.0
2519,서초2교(사임당로 방면),서초구,10.0
2520,서초1교 (진흥아파트 방면),서초구,20.0
2521,서초 크로바타워 앞,서초구,13.0
2523,뉴코아 킴스클럽 앞,서초구,10.0
2524,반포쇼핑타운 8동 앞,서초구,15.0
2525,반포쇼핑타운 2동 앞,서초구,20.0
2527,반포중학교 앞(세화여고 맞은편),서초구,10.0
2529,우리은행 방배동지점 앞,서초구,12.0
2530,삼호3차아파트 앞,서초구,15.0
2531,멤피스아파트 앞,서초구,20.0
2532,국립국악원 앞,서초구,13.0
2533,한가람미술관 앞,서초구,10.0
2535,신반포역 3번출구 뒤,서초구,10.0
2536,서초종합체육관 입구,서초구,10.0
2537,양재역 8번출구 앞,서초구,10.0
2538,사평리근린공원,서초구,10.0
2539,대한무역투자진흥공사 KOTRA 앞,서초구,20.0
2540,반포천 앞,서초구,10.0
2541,옛골 입구,서초구,10.0
2542,신논현타워 앞,서초구,10.0
2545,국립중앙도서관(국제회의장옆),서초구,15.0
2547, 반포래미안 리오센트,서초구,7.0
2548,반포1동 자율방범초소 옆,서초구,18.0
2549,LH 서초 4단지 403동,서초구,10.0
2550,양재동 꽃시장 건너편,서초구,10.0
2601, 석촌호수 아뜰리에,송파구,
2603, 송파 글마루 도서관,송파구,
2604, 풍납토성 서성벽터A,송파구,
2605, 복정역 1번 출구 앞,송파구,
2606, 위례동주민센터 맞은편 근린공원,송파구,
2608, 송파구청,송파구,10.0
2609, 보성중고등학교 후문 앞,송파구,
2611, 송파지역자활센터 뒤,송파구,
2613, 잠실나들목,송파구,
2614, 가락고등학교 앞,송파구,
2615, 테라타워2,송파구,
2616, 거여동 사거리,송파구,
2617, 가락삼환아파트 앞,송파구,
2618, 삼전역 1번출구,송파구,
2619, 석촌고분역 4번출구,송파구,9.0
2620, 송파나루역 4번 출구옆,송파구,
2621, 한성백제역 2번 출구,송파구,
2622, 올림픽공원역 3번출구,송파구,
2623,석촌동 주민센터,송파구,15.0
2625,가락종합 사회복지관,송파구,15.0
2626,"경찰병원역 1,2번 출구 사이",송파구,15.0
2627,문정시영아파트 5동 앞 공원,송파구,15.0
2628,문정역 1번출구,송파구,15.0
2630,서울방이동 고분군,송파구,12.0
2631,배명고등학교,송파구,15.0
2632,석촌고분역 2번 출구,송파구,9.0
2633,송파학사 옆,송파구,20.0
2634,위례포레샤인아파트 2318동,송파구,10.0
2635,잠실새내역 1번출구,송파구,21.0
2637, 아시아지하보도 14번 출구,송파구,15.0
2639,석촌역 8번출구,송파구,18.0
2641,송파역 4번출구,송파구,15.0
2642,마천동 성내천 쉼터,송파구,12.0
2643,풍납중학교 측면,송파구,10.0
2644, 성내5교,송파구,10.0
2645,잠실나들목2(엘스아파트136동),송파구,10.0
2646,레이크펠리스101동앞,송파구,15.0
2647,잠실 자전거 수리센터 앞,송파구,7.0
2648,헬리오시티 112동 앞,송파구,30.0
2649,오금공원사거리2,송파구,10.0
2650,위례22단지 2208동 다리앞,송파구,7.0
2651,경찰병원역 3번출구 앞,송파구,20.0
2652,송파 레미니스1단지 102동 앞,송파구,41.0
2653,올림픽공원사거리(선수촌아파트),송파구,25.0
2654,올림픽선수촌아파트 136동 앞,송파구,10.0
2655,송이공원,송파구,20.0
2656,풍납동 아이파크 107동 앞,송파구,10.0
2657,송파 파인타운 11단지,송파구,10.0
2658,가락몰 업무동,송파구,10.0
2659,서울친환경유통센터,송파구,10.0
2701, 마곡나루역 5번출구 뒤편,강서구,
2702, 마곡 엠밸리2단지,강서구,
2703,서울도시가스 앞,강서구,20.0
2704,홈플러스(강서점),강서구,10.0
2706,강서공업고등학교 앞,강서구,13.0
2707,한강아파트,강서구,13.0
2708,강서한강자이타워 앞,강서구,15.0
2709,강변아파트 310동 앞,강서구,20.0
2710,라이품 공영주차장 앞,강서구,30.0
2711,가로공원공영주차장 1번 출구,강서구,9.0
2712,화곡터널입구교차로,강서구,18.0
2713,우장초등학교 앞,강서구,13.0
2715,마곡나루역 2번 출구,강서구,25.0
2716,롯데 R&D 센터,강서구,20.0
2717,LG유플러스 마곡사옥,강서구,62.0
2718,마곡수명산파크1단지,강서구,20.0
2719,마곡문화공원,강서구,40.0
2720,힐스테이트에코,강서구,30.0
2721,등촌1-10단지 교차로,강서구,12.0
2723,마곡 필네이처,강서구,13.0
2724,(재)FITI시험연구원,강서구,25.0
2725,서울식물원 식물문화센터,강서구,20.0
2727,서울식물원 잔디마당 앞,강서구,25.0
2728,마곡나루역 3번 출구,강서구,55.0
2729,넥센 유니버시티 앞,강서구,30.0
2730,마곡메가박스 앞,강서구,30.0
2731,명덕고교,강서구,20.0
2732,마곡수명산 1-2단지,강서구,14.0
2733,마곡13단지 정문 앞,강서구,15.0
2737,까치산역 3번 출구,강서구,10.0
2739,수명산파크1단지교차로,강서구,20.0
2740,마곡레포츠센터,강서구,20.0
2741,마곡수명산파크5-6단지,강서구,8.0
2742,강서구민올림픽체육센터,강서구,10.0
2744,강서세무서 앞,강서구,25.0
2745,수명초등학교,강서구,9.0
2746,수명산파크 4단지 411동 앞,강서구,10.0
2801, 대륭포스트타워1차,구로구,
2804,항동지구 6단지 602동 앞,구로구,10.0
2805,구로자원순환센터,구로구,10.0
2806,항동지구 4단지 입구,구로구,10.0
2807,항동지구 1단지 105동 앞,구로구,10.0
2808,항동지구 2단지 202동 앞,구로구,10.0
2809,항동지구 11단지 1103동 앞,구로구,10.0
2810,항동지구 3단지 311동 앞,구로구,10.0
2812,항동프라자,구로구,15.0
2813,항동지구 3단지 302동 앞,구로구,10.0
2814,항동지구 10단지 1001동 앞,구로구,10.0
2815,항동지구 7단지 정문,구로구,12.0
2816,항동지구 8단지 803동옆(주차장입구),구로구,14.0
2817,천왕이펜하우스5단지 앞,구로구,10.0
2818,천왕이펜하우스3단지 앞,구로구,14.0
2819,하늘숲초등학교 앞,구로구,20.0
2820,신세기아파트 앞,구로구,10.0
2821,청구아파트 앞,구로구,10.0
2822,제니스스포츠 앞,구로구,14.0
2823,중앙유통단지 앞,구로구,10.0
2824,미래사랑어린이공원 앞,구로구,10.0
2825,초롱타운 앞,구로구,10.0
2826,가마산지하보도 옆,구로구,10.0
2901,공릉동풍림아파트 101동,노원구,8.0
2902,공릉풍림아파트 108동,노원구,12.0
2903,월계초안아파트 1단지,노원구,10.0
2904,중계3차청구아파트,노원구,8.0
2907, 월계중학교,노원구,15.0
2908, 광운대학교 중앙도서관,노원구,20.0
2909, 석계역 3번 출구,노원구,13.0
2910,도깨비시장,노원구,10.0
2911,상계역중앙시장,노원구,7.0
2912,대진고등학교,노원구,20.0
2913,상계8동 주민센터,노원구,17.0
2914,서울과학기술대학교(미래관),노원구,10.0
2915,서울과학기술대학교(어학교육원),노원구,35.0
2917,신창중학교 후문 맞은편 버스정류장,노원구,10.0
2919,등나무 근린공원(시립북서울미술관 앞),노원구,16.0
2920,상계중학교(당현2교사거리),노원구,14.0
2921,중계역 2번출구,노원구,10.0
3002,벽산상암스마트큐브,마포구,10.0
3003,래미안신공덕3차아파트,마포구,5.0
3005,마포구청 청사내,마포구,10.0
3006, 상암월드컵파크5단지(상암중학교),마포구,10.0
3007,MBC 앞,마포구,10.0
3008,DMC역7번출구,마포구,10.0
3009,홍대입구역 사거리,마포구,10.0
3010,홍대입구역 3번출구,마포구,15.0
3013,서울지방고용노동청 앞,중구,10.0
3100, 북성초교,서대문구,
3101, 서대문구청,서대문구,
3102, 연희삼거리,서대문구,
3103, 홍제삼거리 북측,서대문구,
3104, e편한세상 신촌4단지 앞,서대문구,
3105, 홍은센트레빌 아파트 앞,서대문구,
3109,북한산더? 106동 앞,서대문구,10.0
3110,홍은 현대아이파크 아파트 202동 앞,서대문구,15.0
3111,무악재역 4번 출구,서대문구,10.0
3113,독립문 앞,서대문구,15.0
3114,충정로역 3번 출구,서대문구,7.0
3115,북아현 치안센터 인근,서대문구,20.0
3116,신촌역 4번출구,서대문구,10.0
3117,이화여대 인문관 인근,서대문구,10.0
3119,연희 브라운스톤 아파트 앞,서대문구,10.0
3120,DMC엘가아파트 앞,서대문구,12.0
3121,가좌삼거리,서대문구,15.0
3122,북가좌삼거리2,서대문구,20.0
3123,DMC파크뷰자이1단지 110동 앞,서대문구,30.0
3125,연희파크푸르지오아파트 앞,서대문구,20.0
3127,홍은2파출소 옆,서대문구,10.0
3128,동신병원 맞은편,서대문구,7.0
3129,DMC래미안e편한세상203동옆,서대문구,20.0
3130,가재울사거리,서대문구,20.0
3131,연가교 교차로,서대문구,15.0
3132,홍제교,서대문구,10.0
3134,SK리쳄블(상수도사업본부),서대문구,10.0
3201,당산skv1센터,영등포구,9.0
3202,당산롯데캐슬프레스티지,영등포구,15.0
3203,도림동배드민턴체육관,영등포구,10.0
3204,도림고가도로 밑,영등포구,10.0
3205,문래현대2차,영등포구,10.0
3206,문래동 주민센터,영등포구,15.0
3207,양남사거리1,영등포구,12.0
3211,신길 래미안 프레비뉴,영등포구,15.0
3212,신풍역 6번출구,영등포구,10.0
3214,영등포 푸르지오 아파트 A,영등포구,10.0
3215,강변삼성래미안,영등포구,15.0
3219,영등포역 1번출구,영등포구,10.0
3220,래미안에스티움 앞 (신풍로),영등포구,20.0
3221,서울특별시 남부교육지원청,영등포구,10.0
3305,낙성대역 8번 출구,관악구,10.0
3310,영락고등학교,관악구,15.0
3311,서울대입구역 4번 출구,관악구,12.0
3401,창신두산아파트,종로구,10.0
3402,이화공영주차장,종로구,10.0
3404,서울특별시 중부교육지원청,종로구,9.0
3405,파크팰리스,종로구,10.0
3407,안국동사거리(신),종로구,18.0
3408,종로타워빌딩,종로구,13.0
3410,종로3가역 8번출구,종로구,10.0
3411,종묘,종로구,10.0
3412,세운상가,종로구,15.0
3413,종로플레이스,종로구,22.0
3414,종로5가역 4번출구,종로구,10.0
3415,동대문역6번출구,종로구,15.0
3416,동묘앞역 6번출구,종로구,15.0
3417,창신3동주민센터,종로구,12.0
3418,창신역2번 출구,종로구,10.0
3419,국립어린이과학관,종로구,14.0
3420, 성균관대입구 사거리 B,종로구,10.0
3421,혜화역 1번출구,종로구,10.0
3422,성균관대 정문,종로구,23.0
3425,광화문 풍림스페이스본 1단지앞,종로구,7.0
3426,독립문역 2번출구 뒤,종로구,10.0
3427,인왕산 아이파크 정문,종로구,8.0
3428,서울미술관,종로구,10.0
3429,HW컨벤션센터 앞,종로구,10.0
3431,로제우스 레포츠센터,종로구,10.0
3432,종로2가 사거리,종로구,15.0
3500, 군자역2번출구,광진구,
3501, 광진구청 앞,광진구,
3502, 중곡역 1번출구,광진구,18.0
3503, 광진유진스웰,광진구,
3504, 원일교회,광진구,
3505, 신양초교앞 교차로,광진구,
3506, 영동대교 북단,광진구,
3507, 어린이회관,광진구,
3508, 화양사거리,광진구,7.0
3509, 세종사이버대학교,광진구,20.0
3510, 중곡SK아파트앞,광진구,
3511, 응봉역 1번출구,성동구,
3513, 상왕십리역 1번출구,성동구,
3514, 왕십리교회옆,성동구,
3516, 구의아리수정수센터앞,광진구,
3517, 용마사거리,광진구,
3518, 군자역 7번출구뒤,광진구,
3521, 현대홈타운 뒷길,광진구,
3523, 건국대학교 과학관(이과대) 앞,광진구,
3525, 금호스포츠센터앞,성동구,
3527, 왕십리 자이아파트(101동 앞),성동구,
3528, 광진정보도서관,광진구,
3529, 어린이대공원정문,광진구,
3530, 왕십리자이아파트 후문(삼거리),성동구,
3531, 논골사거리(금호도서관 입구),성동구,
3532, 왕십리KCC스위첸아파트,성동구,
3533, 건대입구역 사거리(롯데백화점),광진구,
3534, 건대입구역 5번출구 뒤,광진구,
3536, 중앙농협(자양동),광진구,
3537, 아차산 휴먼시아 아파트 옆,광진구,
3539, 서원마을,강동구,
3542, 래미안 구의파크 스위트,광진구,
3543, 세종대학교(학술정보원),광진구,
3544,한양대역 3번 출구,성동구,10.0
3545,한양대역 1번출구,성동구,10.0
3547,상왕십리역 6번 출입구,성동구,12.0
3548,뚝섬역 6번출구,성동구,10.0
3549,건영아파트 앞,성동구,9.0
3550,금호나들목,성동구,20.0
3551,성동도로사업소,성동구,10.0
3552,서울숲 공영주차장앞,성동구,19.0
3553,마장역3번출구,성동구,10.0
3555,양지사거리(센트라스APT 115동앞),성동구,10.0
3556,신금호파크자이APT앞,성동구,10.0
3557,서울숲리버뷰자이APT105동 앞,성동구,8.0
3558,마장동 금호어울림APT앞,성동구,10.0
3559,성동구민종합체육센터 앞,성동구,10.0
3560,성동구 견인차량 보관소 앞,성동구,22.0
3561,행당동 삼부APT후문,성동구,10.0
3563,구의7단지현대아파트,광진구,5.0
3566,우성4차아파트,광진구,10.0
3569,건대병원후문,광진구,12.0
3570,구의역 리버비스타 오피스텔,광진구,10.0
3571,화양 APT(횡단보도 옆),광진구,15.0
3573,광나루안전체험관,광진구,15.0
3575, 자양사거리(서원빌딩),광진구,6.0
3579,광진 캠퍼스시티,광진구,20.0
3581,광진광장,광진구,15.0
3582,화양동 우체국,광진구,14.0
3586,군자역 비채온 오피스텔,광진구,8.0
3587,우성식품 앞,광진구,15.0
3588,세종대학교(영실관),광진구,10.0
3600,사근빗물펌프장 건너편,성동구,7.0
3602, 한국지역난방공사강남지사,강남구,5.0
3603, 삼성역 2번출구,강남구,10.0
3604, 삼성중앙역 5번출구,강남구,15.0
3605, 봉은사역6번출구(현대아이파크타워앞),강남구,10.0
3606, 신사동주민센터 옆,강남구,10.0
3609, 언주초등학교 입구,강남구,16.0
3610, 윗반마을 입구,강남구,10.0
3611, 방죽마을 입구,강남구,16.0
3612, 은곡마을,강남구,10.0
3614, 은마아파트 입구 사거리,강남구,10.0
3615, 서울 논현동우체국 앞,강남구,10.0
3616, 역삼중학교 앞(체육관 방향),강남구,10.0
3618, 서울율현초교 삼거리,강남구,10.0
3620, 청담역 11번 출구,강남구,10.0
3621, 휘문고교 사거리,강남구,10.0
3622, 은마아파트입구 사거리(1),강남구,7.0
3623, 일원에코파크 앞(개포로 방면),강남구,10.0
3624, 대모산입구역 7번 출구 앞,강남구,10.0
3627, 압구정나들목,강남구,10.0
3628, 역삼1동 주민센터,강남구,10.0
3629, 청담사거리(신한오피스텔빌딩 앞),강남구,4.0
3630, 개포우성6차아파트 정문 앞,강남구,10.0
3634, 국악고교 앞 교차로,강남구,5.0
3636, 삼성중앙역·플래티넘아파트 정류소,강남구,5.0
3637, 세곡데이케어센터,강남구,10.0
3638, 신청담나들목,강남구,5.0
3640, 일원1동주민센터앞 사거리,강남구,7.0
3641, 대청역,강남구,10.0
3642, LH강남힐스테이트아파트,강남구,13.0
3643, 더시그넘하우스 앞,강남구,5.0
3644, 상록수아파트,강남구,5.0
3646, 선정릉역 4번 출구,강남구,7.0
3647, 구룡역 1번 출구,강남구,10.0
3648, 구룡역 4번 출구,강남구,5.0
3649, 구룡역 5번 출구,강남구,6.0
3651, 개포동역 4번출구,강남구,5.0
3652, 한영외국어고등학교,강동구,10.0
3653, 강동리버스트4단지아파트 404동 앞,강동구,10.0
3654, 강동리버스트4단지아파트 405동 앞,강동구,10.0
3655, 둔촌신성미소지움아파트,강동구,10.0
3656, 둔촌푸르지오아파트,강동구,20.0
3657, 서울천호동우체국,강동구,12.0
3658, 프라이어팰리스아파트,강동구,10.0
3659, 명일초등학교 옆,강동구,10.0
3661, 명일동신동아아파트 앞,강동구,10.0
3663, 암사정수센터교차로(강동롯데캐슬퍼스트아파트),강동구,10.0
3664, 맥도날드 서울둔촌DT점 앞,강동구,12.0
3665, 고덕센트럴 아이파크상가 앞,강동구,12.0
3668, 성내삼성아파트,강동구,10.0
3671, 둔촌동역교차로,강동구,10.0
3673, 강동리버스트6단지,강동구,10.0
3674, 강동리버스트7단지,강동구,10.0
3675, 강동리버스트8단지,강동구,20.0
3676, 강동리엔파크9단지,강동구,10.0
3680, 강동역3번출구,강동구,6.0
3681, 길동 마루빌딩,강동구,10.0
3682, 길동 동호빌딩,강동구,10.0
3683, KT&G강동지사,강동구,10.0
3684, 고덕자이(105동 앞),강동구,10.0
3685, 강동리엔파크14단지(1401동 앞),강동구,15.0
3686, 고덕 래미안 힐스테이트(101동),강동구,8.0
3688, 상일동산(동아아파트앞 교차로),강동구,10.0
3689, 강일역 3번출구,강동구,20.0
3690, 강일역 4번출구,강동구,23.0
3691, 둔촌역 2번출구,강동구,20.0
3692, 둔촌오륜역 1번 출구,강동구,10.0
3694,강동리엔파크 13단지(1303동 앞),강동구,14.0
3698, 명일역 3번출구 옆,강동구,6.0
3699, 상일파출소 옆,강동구,15.0
3700, 강변그대가리버뷰 입구 맞은편,강동구,8.0
3701, 방아삼거리,강동구,8.0
3703,삼양입구삼거리,강북구,10.0
3707, 드래곤타워 앞,강북구,10.0
3714, 송천센트레빌,강북구,10.0
3718,번동3단지 버스정류장,강북구,11.0
3724,삼양동주민센터 앞,강북구,20.0
3725,강북 청소년 문화정보도서관 앞,강북구,5.0
3726,삼양동사거리,강북구,6.0
3753, 공항중학교 버스정류장,강서구,10.0
3754, 신방화역 8번출구,강서구,10.0
3756, 마곡힐스테이트 정문,강서구,10.0
3757, 신방화역 6번출구,강서구,10.0
3758, 서울남부출입국관리소,강서구,10.0
3759, 이대서울병원,강서구,25.0
3760, 발산역 8번 출구,강서구,17.0
3761, 나이아가라관광호텔,강서구,10.0
3762, 마곡9단지 907동앞,강서구,10.0
3763, 등촌태영아파트,강서구,18.0
3764, 관문주유소(GS칼택스) 앞,강서구,10.0
3765, 문소빌딩,강서구,10.0
3766, 강서문화센터,강서구,10.0
3767, 대원빌딩,강서구,10.0
3770, 남부순환로 205,강서구,10.0
3772, 길성그랑프리텔아파트,강서구,15.0
3774, 마곡9단지 910동 상가앞,강서구,10.0
3775, 가양오토갤러리,강서구,10.0
3776, 김포공항사거리,강서구,10.0
3778, 김포공항입구 교차로,강서구,10.0
3780, 등촌서광아파트,강서구,22.0
3781, 강서아동복지센터,강서구,12.0
3782, 겸재정선미술관,강서구,10.0
3783, 마곡금호어울림아파트,강서구,10.0
3784, 벽산아파트,강서구,10.0
3785, 마곡14단지 1408동앞,강서구,20.0
3786, 강서힐스테이트 상가 앞,강서구,9.0
3788, 정곡나들목,강서구,15.0
3789, 염창나들목,강서구,35.0
3792, 화곡본동시장 입구,강서구,10.0
3793, 더리브골드타워,강서구,10.0
3794, 안양천합수부(현대3차아파트),강서구,20.0
3796, 송정역 3번출구 앞,강서구,8.0
3797, 마곡수명산파크7단지 710동 앞,강서구,10.0
3798, 그랜드아이파크아파트 앞,강서구,11.0
3799, 국립항공박물관,강서구,5.0
3801, 이랜드글로벌R&D센터,강서구,10.0
3802, 관악구민체육센터,관악구,8.0
3803, 남서울중학교,관악구,7.0
3804, 낙성대공원,관악구,10.0
3806, 낙성대 교수아파트,관악구,10.0
3807, 관악우체국 교차로,관악구,12.0
3811,신사로입구,관악구,10.0
3812, KT관악지점,관악구,10.0
3813, 낙성대역 5번출구,관악구,7.0
3814, 난곡사거리,관악구,10.0
3815, 광일빌딩,관악구,7.0
3816, 관악 GSfresh,관악구,8.0
3818, 은천교회 앞,관악구,10.0
3819, 서울대벤처타운역,관악구,13.0
3820, 은천삼거리,관악구,8.0
3853, 어린이대공원역 2번출구,광진구,18.0
3860, 건국대학교 정문 앞,광진구,10.0
3863, 동일로58길 입구,광진구,10.0
3864, 광진소방서 앞,광진구,11.0
3865, 이튼타워리버 2차,광진구,8.0
3868, 자양한강도서관,광진구,10.0
3873, 동서울우편집중국 앞,광진구,8.0
3878, 장로회신학대학교 주기철 기념관,광진구,15.0
3879, 중랑천 뚝방길 산책로 입구,광진구,7.0
3880, 홍련봉 공원,광진구,13.0
3881, 신자초교입구 교차로,광진구,7.0
3882, 자양2동 주민센터,광진구,3.0
3886,광진구 민방위교육센터,광진구,5.0
3890,웰츠타워 오피스텔,광진구,7.0
3894,노룬산시장앞,광진구,8.0
3899,아차산역 2번출구,광진구,10.0
3900,건국대학교 신공학관,광진구,10.0
3902, 항동지구5단지 501동 앞,구로구,16.0
3903, 현대아파트 앞,구로구,10.0
3904, 테크노마트 앞,구로구,10.0
3905, 희훈타워빌 앞,구로구,15.0
3906, 천왕차량사업소 입구,구로구,8.0
3907, 신도림7차e편한세상아파트 806동 앞,구로구,10.0
3908, 오류동 다숲오피스텔 앞,구로구,10.0
3910, 목양전원교회 앞 로터리,구로구,10.0
3911, 항동하버리안2단지아파트 후문,구로구,10.0
3912, 삼호아파트 앞,구로구,10.0
3914, 신도림쌍용플래티넘노블아파트 앞,구로구,10.0
3915, 동선아파트 앞,구로구,10.0
3917, 성공회대학교,구로구,10.0
3918, 이좋은집오피스텔 앞,구로구,10.0
3919, 구로역·NC신구로점 버스정류장(구로역 방면),구로구,14.0
3920, 개봉역2번출구 B,구로구,10.0
3922, 서울남부교정시설 앞,구로구,16.0
3923, 구로공구상가 앞,구로구,10.0
3924, 오류동 계림웨스트밸리 앞,구로구,10.0
3925, 중앙유통단지 앞 B,구로구,10.0
3927,구로월드아파트 앞,구로구,9.0
3928,고척아이파크아파트 106동 앞,구로구,10.0
3929,고척아이파크아파트 205동 앞,구로구,15.0
3930,온수역 2번 출구 앞,구로구,8.0
3931,천왕역 3번 출구 뒤,구로구,7.0
3932,개봉센트레빌레우스아파트 앞,구로구,10.0
3933,오류동부골든아파트 후문 옆,구로구,10.0
3934,철도교통관제센터 정문 앞,구로구,7.0
3935,고대구로병원 앞,구로구,10.0
3936,힐스테이트 신도림역,구로구,10.0
3937,개봉역 신영지웰에스테이트,구로구,10.0
3939,신도림역 3번출구,구로구,15.0
3940,삼각어린이공원 앞,구로구,5.0
3956, 대륭테크노타운21차 앞,금천구,10.0
3958, 롯데캐슬2차 마을버스 정류장(18804) 뒤편,금천구,10.0
3959, 시흥사거리(시흥동 994-3 앞),금천구,10.0
3963, 에이스 하드웨어(시흥대로 396) 앞,금천구,10.0
3966, 독산역1번출구 B,금천구,8.0
3967, 혜명양로원 담장 옆(2),금천구,16.0
3968, 독산동 현대홈타운 금천과선교 앞,금천구,10.0
3969, 독산역 롯데캐슬 104동 앞,금천구,20.0
3970, 시흥4동주민센터 앞,금천구,6.0
3971, 순흥안씨묘 건너편,금천구,11.0
3973, 독산2동주민센터 앞,금천구,7.0
3974, 안천중학교,금천구,10.0
3975,현대시티아울렛 가산,금천구,10.0
3980, 금천현대홈타운 후문 서부샛길,금천구,5.0
3983, 금천구청역 1번 출구,금천구,10.0
3984, 가산롯데아이티캐슬,금천구,5.0
3985, 디폴리스 지식산업센터,금천구,20.0
3986,청년주택 독산동점,금천구,5.0
3987,LG전자가산A와 가산테라타워 사이,금천구,10.0
3988,엘아르베뉴 102동 앞,금천구,5.0
3989,가산디지털단지 9번출구 인근,금천구,10.0
4002, 상계주공 14단지 상가 앞,노원구,10.0
4004, 당고개입구오거리 당현천변,노원구,10.0
4005, 중계2차 한화꿈에그린 101동 인근,노원구,10.0
4007, 노원 을지대학교 병원,노원구,9.0
4008, 하계 어린이 공원,노원구,10.0
4009, 월계프라자,노원구,20.0
4011, 월계 센트럴 아이파크,노원구,10.0
4013, 중계 롯데마트,노원구,20.0
4014, 당고개역 3번 출구,노원구,10.0
4016, 노원 마들스타디움,노원구,10.0
4017, 월계 청백1단지 아파트 정류장,노원구,20.0
4018, 상계주공15단지 버스정류소,노원구,8.0
4019, 상계주공10단지 버스정류소,노원구,7.0
4020, 중계동 성모빌딩 앞,노원구,10.0
4021, 중계본동 입구,노원구,10.0
4023, 월계역 1번 출구,노원구,10.0
4024, 꿈의숲 SK뷰 아파트,노원구,10.0
4025, 한천교 동편,노원구,10.0
4026, 상계주공1단지아파트,노원구,10.0
4027, 한내 행복발전소 옆,노원구,10.0
4028, 한일유앤아이아파트 105동 인근,노원구,10.0
4029, 청소년수련관 후문,노원구,8.0
4031, 청암예술학교 앞,노원구,10.0
4032,불암주유소 앞,노원구,10.0
4033, 녹천역 4번 출구 옆,노원구,9.0
4035, 휴플러스 수락한신아파트 101동 앞,노원구,6.0
4036, 하계역 6번출구,노원구,9.0
4037, 물넘이교,노원구,15.0
4039, 서울시 북부여성발전센터,노원구,10.0
4040, 공릉로 26길,노원구,10.0
4041, 공릉역3번출구,노원구,8.0
4042, 상계문화정보도서관,노원구,10.0
4043, 상계주공13단지 1301동,노원구,10.0
4044, 공릉산 백세문 입구,노원구,4.0
4045, 은하수 공원,노원구,8.0
4054, 창동한신아파트 버스정류소,도봉구,10.0
4058, 다락원체육공원 전망대 입구,도봉구,15.0
4062, 평화도봉공원 주변,도봉구,9.0
4064, 신창아파트 입구 앞,도봉구,10.0
4073,방아골종합사회복지관,도봉구,10.0
4074, 도봉구육아종합지원센터(창동),도봉구,10.0
4078, 원당공원 앞,도봉구,8.0
4080, 창동주공19단지앞,도봉구,4.0
4083,도봉아이나라도서관 앞,도봉구,8.0
4084, 도봉동실내스포츠센터,도봉구,10.0
4086, 도봉로 534,도봉구,10.0
4087, 우이교 교차로,도봉구,10.0
4088,김근태도서관,도봉구,15.0
4089, 동부센트레빌 앞,도봉구,10.0
4090,녹천교 앞 사거리,도봉구,15.0
4091,방학역2번출구,도봉구,10.0
4092,도봉경찰서 교차로,도봉구,10.0
4094,도봉여성센터,도봉구,6.0
4095,방학브라운스톤아파트,도봉구,8.0
4096,창동역2번출구 하나은행365 앞,도봉구,8.0
4097,숭미파출소 사거리 (쌍문동 시티프라디움 앞),도봉구,8.0
4098,창동역 1번출구 인근,도봉구,8.0
4102, 휘경1동주민센터 앞,동대문구,7.0
4103, 휘경sk뷰아파트 앞,동대문구,10.0
4104, 외대앞역 교차로,동대문구,10.0
4105, 서울교통공사사거리 교통섬,동대문구,10.0
4107, 장안동근린공원 입구,동대문구,10.0
4108, 답십리파크자이아파트 앞,동대문구,10.0
4110, 용두롯데캐슬리치아파트 앞,동대문구,10.0
4113, 한국국방연구원 앞,동대문구,10.0
4114, 휘경여중고삼거리,동대문구,10.0
4116, 이문e편한세상아파트 앞,동대문구,10.0
4117, 휘경119안전센터 앞,동대문구,10.0
4121, 서울문화재단 앞,동대문구,15.0
4122, 청계9가교차로 앞,동대문구,10.0
4123, 배봉초교 교차로,동대문구,10.0
4128, 종암초등학교 뒤(새울센스빌),동대문구,5.0
4131, 베네스트 오피스텔 앞,동대문구,8.0
4132,이문삼익아파트 앞,동대문구,10.0
4133,래미안허브리츠아파트 앞,동대문구,7.0
4134,제기동 현대아파트 앞,동대문구,10.0
4135,삼성생명 앞,동대문구,18.0
4136,롯데캐슬SKY-L65 D동 앞,동대문구,7.0
4137,답십리역 4번출구,동대문구,10.0
4138,답십리 사거리,동대문구,5.0
4139,조일빌딩 앞,동대문구,7.0
4140,신설동역 4번출구,동대문구,7.0
4141,우리은행장안지점 앞,동대문구,6.0
4142,현대썬앤빌 앞,동대문구,6.0
4143,서울동물복지지원센터 동대문,동대문구,5.0
4144,시립대학교 박물관 앞,동대문구,10.0
4145,청량리동 주민센터,동대문구,5.0
4146,이삭어린이공원,동대문구,7.0
4147,청량리역 광장,동대문구,35.0
4148,동대문구 장안동 씨젠의료재단,동대문구,7.0
4149,제기동역 5번출구,동대문구,7.0
4152, 상도효성해링턴플레이스,동작구,10.0
4153, 흑석동효사정앞,동작구,10.0
4158, 노량진근린공원,동작구,10.0
4162, 노량진1동 청소년독서실,동작구,10.0
4167, 구로교 아래,동작구,25.0
4169, 신대방삼거리,동작구,10.0
4173, 중대후문 마을버스정류장,동작구,7.0
4175, 대방역2번출구,동작구,10.0
4177, 롯데캐슬 101동 앞,동작구,8.0
4178, 이수성결교회 옆,동작구,10.0
4179, 보라매병원역 1번출구,동작구,10.0
4180, 흑석동주민센터 입구,동작구,4.0
4181, 보라매공원역 2번출구,동작구,6.0
4182,보라매병원역 2번출구,동작구,10.0
4202, 프런트원(공덕역4번출구 앞),마포구,9.0
4206, 광흥창역5번출구,마포구,7.0
4207, 아만티호텔 앞,마포구,10.0
4208, 스타벅스(동교동) 앞,마포구,10.0
4210, 가좌행복주택 앞,마포구,7.0
4211, 시석빌딩 앞,마포구,8.0
4212, 한화오벨리스크 앞,마포구,10.0
4213, 마포구중앙도서관 정문 앞,마포구,15.0
4214, JTBC 앞,마포구,10.0
4216, 망원정 앞,마포구,10.0
4217, 한강공원 망원나들목,마포구,20.0
4218, 디지털매직스페이스,마포구,13.0
4220, 신촌 청년주택,마포구,10.0
4221, 솔리스타오피스텔(공덕동주민센터),마포구,13.0
4222, 서울디자인고등학교 앞,마포구,5.0
4224, 서부운전면허시험장,마포구,5.0
4226, 마포프레스티지자이 1,마포구,14.0
4233, 코오롱아파트사거리,마포구,10.0
4234, 에스테반,마포구,10.0
4238, 상암한샘빌딩앞,마포구,7.0
4240, 아현문화건강센터,마포구,8.0
4244, 당인리발전소 공원 앞,마포구,10.0
4246, 상수역새마을금고,마포구,5.0
4247, 서울서부지방법원등기국앞,마포구,10.0
4248, 신촌 교보빌딩,마포구,10.0
4253, 홍은도담도서관,서대문구,5.0
4255, 래미안 루센티아 아파트 108동 앞,서대문구,21.0
4264, 홍남교 버스정류장,서대문구,5.0
4266,국민연금공단충정로사옥,서대문구,9.0
4267, 서대문역 2번 출구,서대문구,6.0
4269, 연희IC 남측,서대문구,8.0
4270, 우국한마음 아파트 맞은편,서대문구,5.0
4271, 충정로역 1번 출구,서대문구,7.0
4272, 홍남교 사거리,서대문구,7.0
4273, 홍연2교 사거리,서대문구,7.0
4274, 신촌 파랑고래 입구,서대문구,10.0
4275,농협생명본사빌딩 서관,서대문구,10.0
4277,서대문우체국 정류소 옆,서대문구,5.0
4278,홍은2동주민센터,서대문구,5.0
4280,북가좌2동 주민센터,서대문구,5.0
4281,명지대 사거리(2),서대문구,10.0
4303, 매헌역 2번출구앞광역버스 정류장앞(22-297),서초구,8.0
4304, 서울고앞,서초구,10.0
4305, 서일스포츠센터,서초구,8.0
4306, 서래공원 앞,서초구,10.0
4307, 고투몰 gate 15옆,서초구,10.0
4309, 서초케이타운앞,서초구,5.0
4310, 염곡동(염통골) 입구,서초구,6.0
4312, 반포미도2차아파트 옆,서초구,10.0
4313, 반포종합운동장,서초구,10.0
4315, 이투스교육 앞,서초구,10.0
4316, 고속터미널역 3번출구,서초구,25.0
4317, 양재근린공원,서초구,5.0
4318, 방배역 2번 출구,서초구,5.0
4319, 삼성전자R&D어린이집 뒤,서초구,7.0
4320, 신영체르니 아파트,서초구,11.0
4322,서울추모공원 입구,서초구,15.0
4323, 내곡도서관,서초구,10.0
4324, 세화고등학교,서초구,5.0
4327, 몽마르뜨공원입구,서초구,11.0
4329, SC제일은행 양재동지점 앞,서초구,8.0
4332, 이수교차로,서초구,5.0
4333, 서울고등학교 건너편,서초구,5.0
4334, 인재개발원 데이터센터,서초구,7.0
4336,서울교육청 교육연수원 앞,서초구,10.0
4337,우면산등산로입구,서초구,10.0
4338,새정이마을 버스정류장 앞,서초구,5.0
4340,방배래미안아트힐아파트 앞,서초구,5.0
4341,영동1교 북단,서초구,5.0
4343,헌인릉 입구,서초구,5.0
4344,양재대로(구룡지하차도 앞),서초구,5.0
4345,반포역 4번출구,서초구,6.0
4346,장학재단빌딩 앞,서초구,7.0
4347,논현지하보도,서초구,10.0
4348,사당역 1번출구,서초구,5.0
4349,삼성화재서초타워,서초구,6.0
4350,누리숲어린이공원 앞,서초구,5.0
4351,서울AI허브 앞,서초구,7.0
4353, 코오롱디지털타워 3차앞,성동구,8.0
4360, 르노삼성자동차 성수사업소 앞,성동구,15.0
4362, 행당중학교 후문,성동구,8.0
4363, 신금호역 2번출구 앞,성동구,4.0
4367, kt 행당빌딩 앞,성동구,5.0
4370,성동교 사거리,성동구,9.0
4373, 서울숲 지식산업센터,성동구,11.0
4377, 우영테크노센터 앞,성동구,8.0
4381, 더스페이스타워 앞,성동구,8.0
4382, 페코텍글로벌허브빌딩 앞,성동구,7.0
4383, 푸조비즈타워 앞,성동구,4.0
4385, 용답동 우체국 주변,성동구,5.0
4386, 현대자동차 동부서비스센터 주변,성동구,5.0
4387, 성수역 1번출구 주변,성동구,8.0
4389,서울숲역3번출구,성동구,5.0
4390,신답역 1번출구,성동구,5.0
4393,상원삼거리 장안철교 아래,성동구,10.0
4394,서울시립24시간게스트하우스,성동구,2.0
4396,마장축산물시장 서문 인근,성동구,8.0
4397,마장축산물시장 북문 건너편,성동구,14.0
4398,유원지식산업센터 앞,성동구,12.0
4399,더리브 세종타워 앞,성동구,7.0
4401,뚝섬유수지 공영주차장,성동구,10.0
4406, 장곡초등학교 앞,성북구,10.0
4411, 동산어린이공원 앞,성북구,5.0
4414, 안암역 3번 출구,성북구,8.0
4415, 미아초교버스승강장,성북구,7.0
4417, 성북청소년문화의집,성북구,10.0
4418, 종암동 동덕여대 제2생활관 앞,성북구,8.0
4419, 성북구 한예종 캠퍼스 본관,성북구,6.0
4420, 성북구 한예종 캠퍼스 별관,성북구,6.0
4421, 롯데캐슬클라시아 입구 앞,성북구,10.0
4423,현대백화점 미아점,성북구,10.0
4425,하늘채코오롱아파트 앞,성북구,10.0
4427,동일하이빌뉴시티,성북구,10.0
4428,돈암동부센트레빌상가,성북구,7.0
4452, 삼성SDS,송파구,10.0
4453, 위례중앙푸르지오 201동 앞,송파구,15.0
4454, 위례 포레샤인 1809동 부근,송파구,15.0
4457, 아산병원 기숙사 부근,송파구,50.0
4458, 가락2동주민센터 인근,송파구,10.0
4460, 올림픽훼미리아파트 112동 앞,송파구,8.0
4461, 한양3차아파트 3동 앞,송파구,7.0
4462, 가락중학교 앞,송파구,8.0
4463, 방이역 2번 출구,송파구,10.0
4464, 올림픽공원 북2문 A,송파구,15.0
4465, 건영아파트앞 사거리,송파구,10.0
4468, 가락1동주민센터,송파구,15.0
4469, 거여동 어울림아파트 102동앞,송파구,10.0
4472, 송파파크데일 1단지 115동 건너편,송파구,10.0
4473, 마천금호어울림 1차 102동앞,송파구,10.0
4474, 가락현대 1차 11동 앞,송파구,10.0
4475, 송파파인타운 4단지 403동,송파구,10.0
4478, 문정근린공원2,송파구,10.0
4479, 문정중학교,송파구,10.0
4480, 가락시장 남1문 사거리,송파구,10.0
4481, 올림픽공원 북2문 B,송파구,25.0
4483, 잠실나들목4,송파구,10.0
4484, 잠실나루역4번출구뒤,송파구,10.0
4485, 잠실나루역 고가하부,송파구,10.0
4486, 홈플러스 잠실점,송파구,10.0
4488, 문현중고등학교 사이,송파구,10.0
4490, 송파파인타운 10단지 1005동,송파구,10.0
4491, 장지역 1번출구,송파구,10.0
4493, 마천사거리 2,송파구,10.0
4496, 잠실 파크리오 120동 앞,송파구,10.0
4497, 아시아선수촌아파트 교차로,송파구,20.0
4499, 세양청마루 101동 앞,송파구,10.0
4507, 신정제일시장,양천구,10.0
4508, 유원목동아파트 103동 앞,양천구,10.0
4509, 서울영상고교 입구,양천구,15.0
4510, 신정네거리역 교차로,양천구,13.0
4512, 목동13_14단지 사거리,양천구,15.0
4514, 목동성당 앞,양천구,20.0
4515, 동문굿모닝탑,양천구,10.0
4517, 성보하이드로빌딩,양천구,10.0
4518, 청기와빌딩,양천구,10.0
4519, 양원보도육교,양천구,8.0
4520, 대성유니드아파트,양천구,10.0
4522, 신곡시장,양천구,10.0
4523, 구립양천어르신요양센터,양천구,20.0
4526, 목동아파트2단지 222동 앞,양천구,10.0
4527, 목동신시가지아파트6단지,양천구,15.0
4528, 양천구청역 1번출구,양천구,8.0
4530, 방아다리어린이공원,양천구,10.0
4531, 목동아파트 613동 앞,양천구,10.0
4532, 목동현대아파트 후문 앞,양천구,10.0
4535, 목동12단지 아파트,양천구,10.0
4536, 양천해누리체육공원,양천구,23.0
4537, 서울남부지방검찰청 후문,양천구,6.0
4538, 양천공영차고지,양천구,10.0
4539, 목동7단지아파트 A상가,양천구,8.0
4540, 목동역 3번 출구,양천구,10.0
4541, 갈산문화예술센터,양천구,9.0
4542, 월정초 사거리,양천구,5.0
4543, 오목교역 6번 출구,양천구,9.0
4544,경창시장,양천구,8.0
4545,청소년음악센터,양천구,10.0
4546,목동운동장 주경기장,양천구,14.0
4547,목동역 2번출구,양천구,15.0
4548,신목동역 1번 출구,양천구,7.0
4549,목동4단지 아파트,양천구,10.0
4552, 코레일유통본사,영등포구,10.0
4553, 당산삼성2차아파트,영등포구,10.0
4555, 대림우성2차아파트,영등포구,10.0
4556, 리버뷰신안인스빌1차 후문,영등포구,10.0
4557, 리버뷰신안인스빌2차 후문,영등포구,10.0
4558, 대영중고 후문,영등포구,10.0
4559, 신길역 2번출구,영등포구,10.0
4560, 양평동성원아파트,영등포구,10.0
4561, 양평역 1번출구,영등포구,10.0
4563, 여의도 은하아파트,영등포구,10.0
4564, 63스퀘어,영등포구,10.0
4565, 영등포 신세계백화점,영등포구,10.0
4566, 대림성원상떼빌아파트,영등포구,15.0
4567, 한림대학교 강남성심병원 신관,영등포구,10.0
4569, 힐스테이트클래시안아파트,영등포구,10.0
4571, 문래동롯데캐슬아파트,영등포구,10.0
4573, 두산위브아파트,영등포구,10.0
4574, 영등포시장역 포레나영등포,영등포구,9.0
4575, 대림동 e편한세상영등포아델포레,영등포구,10.0
4576,보라매sk뷰 108동 앞,영등포구,15.0
4578,보라매sk뷰,영등포구,10.0
4579, 국회의사당 본관,영등포구,10.0
4580,국회제2의원회관,영등포구,12.0
4581, 국회소통관,영등포구,12.0
4582, 국회도서관,영등포구,12.0
4583, 의정관,영등포구,12.0
4584, 국회2문,영등포구,8.0
4585, 국회6문,영등포구,6.0
4588,양남사거리2,영등포구,10.0
4589, KRX한국거래소(1),영등포구,18.0
4591, 신길자이아파트,영등포구,20.0
4592, 신길우성4차아파트,영등포구,14.0
4594, 양평교 영등포대여소,영등포구,15.0
4598, 오목교 동측 지하보도,영등포구,9.0
4599, 대림우성아파트 사거리,영등포구,15.0
4600, 영등포구 총괄 우체국,영등포구,10.0
4601,양평역2번출구 뒤,영등포구,10.0
4603, 한강GS에클라트 건너편 교통섬,용산구,10.0
4604, 원효로다목적체육관 앞,용산구,15.0
4607, 국립중앙박물관 -용산가족공원 앞,용산구,10.0
4608, 국립중앙박물관 정문 앞,용산구,10.0
4609, 파크타워 104동 앞,용산구,10.0
4610, 한남나인원 105동 앞,용산구,10.0
4611, 국제루터교회 앞,용산구,10.0
4612, 한남 준 JFSS 앞,용산구,8.0
4613, 서울갤러리아 앞,용산구,7.0
4615, 크라운호텔앞 버스정류소,용산구,7.0
4616, 신용산지하차도 앞,용산구,15.0
4617, 동원베네스트 건너편,용산구,6.0
4618, 풍전아파트 건너편,용산구,10.0
4619, 한강트럼프월드3차 앞,용산구,10.0
4620, 삼각지역 14번 출구 앞(교통섬),용산구,8.0
4621, 남산도서관 앞,용산구,12.0
4622, 한강중학교 앞 버스정류장,용산구,6.0
4623, 라인프랜즈이태원점 앞,용산구,10.0
4625, 용산공원갤러리앞,용산구,8.0
4627, 효창공원앞역 5번출구 옆,용산구,7.0
4629, 한강초교보도육교 앞,용산구,8.0
4632, 용산 푸르지오 파크타운 1단지 앞,용산구,6.0
4633, 센트럴파크타워 앞,용산구,16.0
4634, 이태원역 3번 출구,용산구,5.0
4636, 용산구꿈나무종합타운 앞,용산구,8.0
4637, 용산시티파크 101동 앞,용산구,10.0
4638, 청파동삼거리 앞,용산구,10.0
4639, 동빙고근린공원,용산구,10.0
4640, 원효로2가 교차로,용산구,8.0
4641, 아메리칸센터,용산구,10.0
4642, 용산더프라임아파트 101동 앞,용산구,10.0
4643,한가람아파트 앞,용산구,7.0
4644,서울특별시 교육청 앞,용산구,5.0
4652, 신사두산위브2차아파트 앞,은평구,10.0
4653, 불광역 9번 출구 맞은편,은평구,10.0
4657, 본 서부병원 교차로 사거리,은평구,17.0
4658, 녹번역1번출구앞,은평구,10.0
4659, 신진과학기술고등학교 버스정류장(응암시장 방면),은평구,10.0
4663," 불광역3,6호선 버스정류장(동명여고 방면)",은평구,10.0
4665, 응암역3번 출구(서부경찰서 방면),은평구,10.0
4667, 폭포동입구 교차로,은평구,10.0
4668, 기자촌사거리 B,은평구,10.0
4671, 청구성심병원 앞,은평구,10.0
4672, 준빌딩 앞,은평구,10.0
4674, 녹번역e편한세상 캐슬 정문 앞,은평구,10.0
4676, 갈현1동 주민센터,은평구,9.0
4677, 백련산 SK뷰 아이파크 해모로 아파트 앞,은평구,10.0
4678, 백련산로 녹번센트레빌,은평구,10.0
4681,박석고개(은평소방서) 앞,은평구,6.0
4683, 은평 성모병원 사거리,은평구,10.0
4684, 응암2동주민센터 버스정류장(영락중학교 방면),은평구,10.0
4685, DMC역 5번 출구(수색역 방향),은평구,25.0
4686, 우물골 근린공원,은평구,7.0
4687, 역촌센트레빌아파트 101동 앞,은평구,10.0
4689,은평서해그랑블아파트앞,은평구,10.0
4690,은평뉴타운폭포동 힐스테이트4단지,은평구,5.0
4693,수색감리교회,은평구,6.0
4703, 쌍용아파트2단지 정문,종로구,8.0
4705, 웰니스센터(민방위교육장 앞),종로구,6.0
4707, 청계3가 사거리,종로구,5.0
4708, 조계사앞사거리,종로구,6.0
4710, 자교교회 앞,종로구,8.0
4711, 올림픽기념 국민생활관 로터리,종로구,10.0
4713, 현대 뜨레비앙 아파트 앞,종로구,7.0
4715, 돈의문 박물관 마을,종로구,15.0
4718, 광화문역 6번출구 옆 A,종로구,10.0
4719, 종로문화원 건너편,종로구,15.0
4721,통인시장 정자,종로구,8.0
4752, 삼성사이버빌리지아파트,중구,7.0
4753, 시청역 10번출구,중구,10.0
4760, 서울역 7번출구,중구,10.0
4761, 중부경찰서앞사거리 건너편,중구,10.0
4762, 국제빌딩,중구,10.0
4765, 동대문디자인플라자,중구,20.0
4766, 서소문성지역사박물관,중구,23.0
4772, 중앙일보,중구,10.0
4774, 을지로입구역 8번출구,중구,9.0
4775, 을지로지하쇼핑센터,중구,10.0
4776, 신세계면세점,중구,10.0
4777, 약수동 주민센터,중구,8.0
4781, 브라운스위트레지던스,중구,10.0
4782, 서소문역사공원,중구,10.0
4784, 중부경찰서앞 사거리,중구,10.0
4785, 롯데시티호텔,중구,8.0
4791, 명동역9번 출구,중구,10.0
4792, 퇴계로4가 교차로(중구청),중구,10.0
4793, 동대문역사문화공원역 5번출구,중구,10.0
4794, 서울역 서부교차로(3),중구,8.0
4796, 부산은행,중구,10.0
4797, KG타워 앞,중구,13.0
4798, 황학동롯데캐슬,중구,10.0
4800, 필동 삼거리,중구,5.0
4801, 충정로역 2호선(엘리베이터 앞),중구,5.0
4802, 새우개마을,중랑구,8.0
4803, 상봉2동 주민센터 앞,중랑구,5.0
4804, 동서울농협 앞,중랑구,9.0
4807, 라코지스테이 앞,중랑구,8.0
4808, 신내2동 주민센터 앞,중랑구,8.0
4809," 동성1,2차 아파트 앞",중랑구,8.0
4811, 한양수자인아파트 앞,중랑구,10.0
4812, 묵동 이마트 앞,중랑구,10.0
4813, 망우지구대,중랑구,10.0
4815, 중랑데시앙플렉스 앞,중랑구,8.0
4819, 면목동 새싹어린이공원 앞,중랑구,10.0
4820, 망우역 2번 출구,중랑구,8.0
4823, 방정환교육지원센터 옆,중랑구,8.0
4824, 상봉신협 앞,중랑구,7.0
4825, 신내동 벽산아파트 후문 앞,중랑구,8.0
4826, 홈플러스 면목점,중랑구,8.0
4827, 신내SK V1센터 앞,중랑구,20.0
4828, 신내동 한살림 중랑지구 앞,중랑구,5.0
4829, 신내동 한살림 중랑지구 건너편,중랑구,5.0
4830, 신내 우디안 111동 앞,중랑구,7.0
4834, 용마복지센터 앞,중랑구,8.0
4835, 망우동 본죽 앞,중랑구,7.0
4836, 양원역 1번 출구,중랑구,15.0
4837, 양원지구 힐데스하임 앞,중랑구,14.0
4838,동원사거리 행복오피스텔 앞,중랑구,7.0
4840, 서울시 북부병원 앞,중랑구,7.0
4841,중화수경공원,중랑구,15.0
4842,면목라온프라이빗 아파트,중랑구,20.0
4843,봉화산역 4번 출구,중랑구,8.0
4845,신내역금강펜테리움센트럴파크,중랑구,10.0
4846,상봉동양엔파트 앞,중랑구,7.0
4847,신내역시티프라디움 앞,중랑구,5.0
4852, 서울복합물류 게이트 1,송파구,10.0
4854, 가락시장역 2번 출구,송파구,10.0
4855, 거여5단지 503동 앞,송파구,10.0
4856, 올림픽공원 서1문 앞,송파구,10.0
4857, 올림픽공원 장미광장,송파구,15.0
4859, 잠실나루 나들목,송파구,15.0
4860, 가락쌍용2차아파트 103동,송파구,7.0
4862, 성내교 남단,송파구,10.0
4863, 잠실나들목5,송파구,7.0
4864, 송파사거리,송파구,10.0
4865, 한성백제역 1번출구 뒤,송파구,5.0
4867, 가락대림아파트 앞,송파구,10.0
4868, 석촌호수 서호 남단,송파구,10.0
4870, 몽촌토성역 3번 출구,송파구,10.0
4871, 오금동 대림아파트 정문,송파구,7.0
4872, 개롱역 3번 출구 뒤,송파구,7.0
4873, 개롱역사거리 2번 출구,송파구,7.0
4874, 탄천1교 하부보도,송파구,10.0
4875, 위례포레샤인13단지,송파구,4.0
4879, 마천청소년센터,송파구,5.0
4880, 송파청소년센터,송파구,9.0
4881, 거여동사거리 송파둘레길 입구,송파구,5.0
4882, 위례포레샤인18단지 1802동,송파구,5.0
4883, 위례포레샤인18단지 1812동,송파구,10.0
4884, H비즈니스파크,송파구,16.0
4885, 가든파이브 리빙관,송파구,8.0
4886, 배명고등학교 건너편,송파구,6.0
4887, 호돌이상가,송파구,6.0
4888, 둔촌오륜역 2번출구,송파구,10.0
4889, 마천역 1번 출구 인근②,송파구,14.0
4891, 위례포레나송파,송파구,10.0
4892, 성내유수지 체육공원,송파구,18.0
4893, 문정법조단지12,송파구,6.0
4895, 위례포레샤인15단지 상가,송파구,6.0
4896, 위례포레샤인15단지,송파구,10.0
4897, 잠실주공5단지1,송파구,15.0
4902, 구역삼세무서 교차로,강남구,6.0
4903, 신사스퀘어,강남구,6.0
4905, 강남경찰서,강남구,10.0
4906, 섬유센터 앞,강남구,10.0
4907, 극동스포츠 앞,강남구,5.0
4908, SB타워 앞,강남구,5.0
4909, 노보텔 앰배서더 앞,강남구,6.0
4913, 레베쌍트 빌딩 앞,강남구,7.0
4914, 도심공항타워 앞,강남구,6.0
4915, 영동중앙교회 버스정류장,강남구,6.0
4916, 청담역 1번출구,강남구,5.0
4917,일원에코파크 주차장,강남구,5.0
4918,매봉역 1번출구,강남구,5.0
4919,학여울역사거리(은마아파트),강남구,6.0
4923,수협대치동지점,강남구,9.0
4924,논현동가구거리,강남구,8.0
4925,청담백영빌딩 앞,강남구,7.0
4926,대치우성아파트 사거리,강남구,10.0
4928,교수마을 입구,강남구,10.0
4929,파스쿠찌 청담사거리점 앞,강남구,6.0
4930,학여울역 1번 출구,강남구,10.0
4931,디에이치퍼스티어아이파크 124동 앞,강남구,8.0
4932,개포래미안포레스트 130동 맞은편,강남구,10.0
4935,도곡삼성래미안,강남구,8.0
4936,SK텔레콤(T1) 인근,강남구,8.0
4937,개포래미안포레스트126동 앞,강남구,5.0
4938,LH수서2단지 201동 앞,강남구,10.0
4939,도산공원,강남구,5.0
4940,한강버스 압구정 선착장,강남구,30.0
4941,압구정로 11길,강남구,10.0
4942,율현삼거리,강남구,10.0
4944,젠빌딩,강남구,6.0
4951, 강동농협 버스정류소 앞(광채빌라),강동구,5.0
4952,천호시장 버스정류소 옆,강동구,5.0
4953,세양청마루 아파트 앞,강동구,10.0
4954,신명초등학교 건너편,강동구,15.0
4956,암사역사공원역 1번출구,강동구,5.0
4957,신명초교 교차로,강동구,10.0
4958,고덕래미안힐스테이트 아파트 211동,강동구,10.0
4959,암사역사공원역 3번출구,강동구,10.0
4960,고덕비즈밸리 지식산업센터 A,강동구,15.0
4962,고덕비즈밸리 디엠스퀘어 앞(재요청),강동구,10.0
4964,암사역사공원역1번출구 A,강동구,10.0
4965,고덕비즈밸리 쿠쿠강동빌딩,강동구,15.0
4968,강동구 자원순환센터,강동구,10.0
5052, 마곡역 7번출구,강서구,25.0
5053, 신마곡벽산블루밍메트로오피스텔앞,강서구,25.0
5055, 마곡역5번출구앞,강서구,7.0
5057, 마곡역4번출구,강서구,14.0
5059, 화곡2동주민센터,강서구,7.0
5061, 우장산동 가곡어린이공원앞,강서구,10.0
5064, 양천향교역8번출구,강서구,15.0
5065, 허준박물관삼거리,강서구,10.0
5066, 아망떼마곡전시장,강서구,25.0
5067, 주원 리젠트 앞,강서구,8.0
5070, 마곡13단지힐스테이트마스터 후문(1320동 앞),강서구,15.0
5072, 김포공항입구 교통섬,강서구,10.0
5073, 우장산역 헤링턴타워 앞,강서구,6.0
5074," 마곡엠밸리14단지 버스정류장(마곡엠밸리11,12단지상가방면)",강서구,10.0
5075, 등촌역 1번출구,강서구,10.0
5076, 메이필드호텔앞,강서구,16.0
5078, 왈도강서캠퍼스 앞,강서구,10.0
5080, 가양역 1번출구,강서구,10.0
5082, 가양역 7번출구,강서구,9.0
5084, 강서우체국,강서구,10.0
5086, 가양테크노타운,강서구,8.0
5087, 연세강서빌딩,강서구,8.0
5088, 등촌역 센터스퀘어,강서구,16.0
5089, LG사이언스파크 E10동,강서구,40.0
5090, 대상연구소,강서구,10.0
5091, 보타닉파크타워2,강서구,8.0
5095,원당근린공원,강서구,9.0
5096,LG사이언스파크 E14동,강서구,57.0
5097,LG사이언스파크 E2동,강서구,40.0
5098,LG사이언스파크 W4동,강서구,20.0
5099,LG사이언스파크 E7동,강서구,40.0
5100,강서도로사업소,강서구,2.0
5151,진넥스베르디엠 앞,광진구,5.0
5152,이스트폴 105동방면입구,광진구,9.0
5153,한강버스 뚝섬 선착장,광진구,30.0
5154,광진구청 앞,광진구,10.0
5155,광진경찰서 앞,광진구,5.0
5301, 상계주공1단지 버스정류장 옆(대원빌딩 앞),노원구,4.0
5305, 대륜E&S 서울지사 앞,노원구,10.0
5309, 월계 롯데캐슬아파트 뒤,노원구,5.0
5310, 목련아파트,노원구,9.0
5311, 주공601동 상가 노원지하보도 앞,노원구,5.0
5313, 중계주공2단지 앞,노원구,5.0
5314, 월계1동주민센터 앞,노원구,6.0
5315, 당고개역 앞,노원구,5.0
5317,공릉동 신도1차 아파트 뒤,노원구,5.0
5318, 극동의 푸른별 아파트 뒤(중계4동주민센터 앞),노원구,10.0
5319,연해피빌 앞,노원구,10.0
5320,한국스포츠정책과학원 앞,노원구,18.0
5321,불암아파트 앞,노원구,5.0
5322,노원성당 앞,노원구,5.0
5323,하계역 4번출구 앞,노원구,13.0
5325,상계주공7단지 아파트 앞,노원구,10.0
5326,대진고교앞 교차로,노원구,10.0
5327,태릉선수촌 앞,노원구,10.0
5328,롯데캐슬시그니처 아파트 앞,노원구,10.0
5329,상계주공15단지 1509동 앞,노원구,10.0
5330,구립수락노인복지관,노원구,15.0
5331,공릉동 풍림아파트 112동 앞,노원구,5.0
5332,마들역 4번 출구,노원구,11.0
5333,노원역 9번-10번 출구 앞,노원구,10.0
5334,화랑대역 3번 출구,노원구,8.0
5335,하계역 1번 출구,노원구,13.0
5336,월계 고등학교 앞,노원구,10.0
5337,태강릉 앞,노원구,15.0
5338,상계초교 입구 교차로,노원구,6.0
5339,은빛1단지 아파트 앞,노원구,10.0
5341,공릉동효성아파트 앞,노원구,10.0
5342,상계공원 입구,노원구,8.0
5503, 마포아트센터 앞,마포구,5.0
5504,아현교회,마포구,7.0
5506,월드컵참누리아파트,마포구,10.0
5507,아현래미안푸르지오아파트 104동 앞,마포구,10.0
5508,성산유수지공원,마포구,8.0
5509,신석초교 앞,마포구,9.0
5513,마포음식문화거리,마포구,10.0
5514,공덕역 1번출구,마포구,10.0
5515,한강버스 망원 선착장,마포구,30.0
5601,감정평가사 회관 앞,서초구,10.0
5602,레미안 신반포 리오센트 후문,서초구,5.0
5651,한강버스 옥수 선착장,성동구,20.0
5751, 송파여성축구장,송파구,10.0
5752, 풍납백제문화공원 옆 인근,송파구,6.0
5753, 호반써밋,송파구,9.0
5756, 극동아파트,송파구,10.0
5758, 올림픽선수기자촌아파트 123동 근처,송파구,10.0
5759, 풍납근린공원,송파구,6.0
5760, 풍납사거리 성내유수지,송파구,8.0
5761, 버섯분수대,송파구,10.0
5763, 세륜초등학교 건너편,송파구,10.0
5764, 한국체육대학교,송파구,8.0
5765, 삼전동주민센터 건너편,송파구,12.0
5766,북위례1,송파구,15.0
5767,북위례2,송파구,15.0
5768,방이삼거리,송파구,12.0
5773,송파시그니처롯데캐슬,송파구,12.0
5774,가락본동주민센터 인근,송파구,10.0
5775,가락시장역 5번출구,송파구,10.0
5777,호반써밋12단지,송파구,11.0
5778,북위례3,송파구,15.0
5779,나래교,송파구,8.0
5780,송파세무서,송파구,10.0
5781,올림픽공원 수영장,송파구,14.0
5782,오금현대아파트 상가입구 앞,송파구,5.0
5783,성내5교 2,송파구,7.0
5784,한강버스 잠실 선착장,송파구,30.0
5785,한림연예 예술고등학교,송파구,20.0
5786,문정로데오거리입구,송파구,6.0
5851, 도림천 건널목 위,영등포구,15.0
5852, 대림동현대2차 201동 앞,영등포구,7.0
5853, 여의도역2번출구 앞,영등포구,10.0
5854, 신한금융투자 앞,영등포구,26.0
5855, 하이투자증권 앞,영등포구,31.0
5857, U레지던스 앞,영등포구,15.0
5858, 영등포역5번출구,영등포구,10.0
5859, 여의도 삼부아파트,영등포구,10.0
5860,어울림병원 앞,영등포구,10.0
5861,보라주유소 앞,영등포구,10.0
5864,장훈고 앞,영등포구,8.0
5865,더리브오피스텔 앞,영등포구,10.0
5866,포레나 당산,영등포구,8.0
5867,H타워 앞,영등포구,10.0
5868,로프트시티오피스텔,영등포구,6.0
5869,영등포아트홀 앞,영등포구,10.0
5870,LG트윈타워 앞,영등포구,10.0
5871,건영상가 앞,영등포구,13.0
5872,서경팰리스 앞,영등포구,7.0
5876,에이스하이테크시티 4동 앞,영등포구,10.0
5877,문래동 꽃밭정원,영등포구,10.0
5878,우리은행 앞,영등포구,20.0
5879,국회도서관 2문 앞,영등포구,8.0
5880,국회박물관,영등포구,7.0
5881,세계청소년NGO교육문화원,영등포구,7.0
5882,휴젠느,영등포구,7.0
5883,영문초사거리,영등포구,8.0
5884,GS강서타워,영등포구,8.0
5885,신정교하부,영등포구,10.0
5886,신풍역 2번출구,영등포구,10.0
5887,나루마을 마당공원,영등포구,12.0
5888,여의도성당,영등포구,7.0
5889,의원회관 출입구 앞,영등포구,10.0
5890,여의나루역 3번출구,영등포구,11.0
5891,한강버스 여의도 선착장,영등포구,30.0
5892,국회의사당 본관 좌측,영등포구,7.0
5893,한국산업은행,영등포구,10.0
5894,영등포세무서,영등포구,10.0
5895,생각공장 당산,영등포구,15.0
5896,영등포구청역 6번출구,영등포구,7.0
5897,여의도 공작아파트,영등포구,10.0
5898,당산역 1번출구,영등포구,7.0
6053, 중부세무서 앞,중구,5.0
6054,청구e편한세상아파트 113동 앞,중구,5.0
6055,한국경제,중구,8.0
6057,을지로5가(방산시장),중구,6.0
6058,서울도시건축전시관 옆,중구,10.0
6059,덕수중학교,중구,8.0
6060,신한은행 본점,중구,8.0
6061,충무아트센터,중구,10.0
6062,서울역 파출소,중구,10.0
6063,NH농협은행(신당역 6번출구),중구,6.0
6171,월드빌딩 앞,강서구,12.0
6172,가양5단지아파트,강서구,10.0
6173,서울자동차운전전문학원,강서구,10.0
6176,유광사 여성병원 앞,강서구,7.0
6177,마곡롯데캐슬르웨스트,강서구,10.0
6178,마스터밸류에이스 지식산업센터,강서구,10.0
6180,양천향교역 3번출구(1),강서구,9.0
6182,오스템임플란트 비전타워,강서구,10.0
6183,K스퀘어 마곡,강서구,10.0
6184,한강버스 마곡 선착장,강서구,32.0
6185,가양나들목,강서구,8.0
6187,마곡 119 안전센터 맞은편,강서구,12.0
6188,금호아파트,강서구,10.0
6189,데시앙 플렉스 지식산업센터,강서구,11.0
6190,마곡광장(마곡나루역 5번출구),강서구,10.0
